1082,5.57,31.02,4.52,4.11,16.85,41.50,1722.25,6.09
1103,6.82,46.49,6.03,6.62,43.89,55.30,3058.09,4.40
1136,4.29,18.44,3.89,3.77,14.22,41.50,1722.25,7.26
1173,5.28,27.87,5.19,5.54,30.73,50.95,2595.90,4.01
1175,6.13,37.58,6.13,4.02,16.13,56.00,3136.00,6.13
1190,4.27,18.20,8.10,5.82,33.84,41.50,1722.25,8.10
1192,6.00,36.00,6.00,6.00,36.00,41.50,1722.25,6.00
1198,9.47,89.68,5.24,9.47,89.68,68.75,4726.56,9.47
1204,7.58,57.46,7.58,6.43,41.31,41.50,1722.25,7.58
1205,8.28,68.56,5.96,6.51,42.40,61.35,3763.82,8.28
1207,4.51,20.34,5.12,4.95,24.49,53.75,2889.06,4.51
1210,3.80,14.43,4.89,4.44,19.71,43.55,1896.60,4.44
1212,6.11,37.33,6.11,6.11,37.33,41.50,1722.25,6.11
1221,2.55,6.50,2.55,2.55,6.50,50.35,2535.12,2.55
1227,4.73,22.37,5.21,4.73,22.37,41.50,1722.25,4.73
1231,6.46,41.73,9.34,6.46,41.73,58.00,3364.00,6.46
1235,5.81,33.72,4.74,4.74,22.47,50.70,2570.49,4.74
1239,5.66,32.04,5.41,5.05,25.47,41.50,1722.25,5.66
1241,5.08,25.79,7.58,6.52,42.57,56.95,3243.30,8.43
1244,5.87,34.46,5.68,5.87,34.46,51.45,2647.10,5.87
1245,5.69,32.34,4.76,4.76,22.66,52.75,2782.56,4.76
1275,5.20,27.04,9.09,5.20,27.04,53.45,2856.90,5.20
1289,5.69,32.35,6.78,6.78,45.97,59.60,3552.16,6.78
1291,9.85,97.02,9.85,9.85,97.02,61.20,3745.44,9.85
1295,6.02,36.30,9.51,9.67,93.51,53.05,2814.30,9.67
1301,5.90,34.81,9.21,9.93,98.67,56.10,3147.21,5.90
1309,11.57,133.83,5.50,5.50,30.25,49.05,2405.90,5.50
1310,7.95,63.20,7.46,7.95,63.20,48.75,2376.56,7.95
1311,4.29,18.41,4.43,4.43,19.62,53.80,2894.44,4.43
1312,11.44,130.87,7.28,11.44,130.87,64.35,4140.92,11.44
1320,3.97,15.76,3.97,3.97,15.76,51.50,2652.25,3.97
1324,8.87,78.68,5.31,5.07,25.72,55.55,3085.80,8.87
1325,7.18,51.55,5.29,4.93,24.35,56.45,3186.60,10.02
1336,5.50,30.25,5.50,5.50,30.25,56.05,3141.60,5.50
1344,9.07,82.35,7.81,8.94,79.99,47.40,2246.76,5.27
1347,5.88,34.57,5.88,5.88,34.57,49.25,2425.56,5.88
1349,8.49,72.11,5.59,5.59,31.25,55.80,3113.64,5.59
1351,7.92,62.67,7.82,8.71,75.89,56.25,3164.06,9.08
1352,7.52,56.55,7.52,8.72,75.96,55.05,3030.50,7.52
1353,7.34,53.88,7.88,8.84,78.09,41.50,1722.25,7.34
1358,9.83,96.63,9.83,9.83,96.63,64.85,4205.52,9.83
1360,8.58,73.56,7.87,9.02,81.45,55.85,3119.22,4.97
1361,6.17,38.07,6.17,6.17,38.07,53.40,2851.56,6.17
1364,7.29,53.14,7.29,7.29,53.14,47.75,2280.06,7.29
1366,6.41,41.09,6.41,6.41,41.09,54.15,2932.22,6.41
1367,8.94,79.87,5.69,5.69,32.38,41.50,1722.25,5.69
1373,4.60,21.16,4.60,4.60,21.16,47.35,2242.02,4.60
1374,7.69,59.14,7.69,7.69,59.14,43.65,1905.32,7.69
1380,3.96,15.68,5.83,3.96,15.68,44.85,2011.52,3.96
1382,6.43,41.41,7.40,6.37,40.54,54.00,2916.00,5.01
1385,3.26,10.63,4.85,4.83,23.33,43.90,1927.21,3.26
1400,4.80,23.04,4.60,5.00,24.99,44.35,1966.92,4.80
1402,3.80,14.43,5.08,4.91,24.12,47.75,2280.06,3.67
1405,6.45,41.55,5.90,6.44,41.53,41.80,1747.24,5.90
1408,9.02,81.36,9.02,8.03,64.40,41.50,1722.25,9.02
1415,5.50,30.27,5.31,4.91,24.11,52.40,2745.76,4.65
1418,7.40,54.76,7.40,9.07,82.22,63.95,4089.60,7.40
1422,6.33,40.13,6.63,9.05,81.99,57.15,3266.12,6.63
1424,4.49,20.16,4.49,4.99,24.91,48.90,2391.21,4.49
1425,6.27,39.31,6.27,6.27,39.31,54.35,2953.92,6.27
1455,6.12,37.49,6.22,7.34,53.88,59.05,3486.90,7.34
1470,9.52,90.63,9.52,9.52,90.63,59.55,3546.20,9.52
1472,5.09,25.91,5.09,5.09,25.91,41.50,1722.25,5.09
1478,2.80,7.84,4.23,2.80,7.84,43.70,1909.69,2.80
1482,4.87,23.72,4.87,4.87,23.72,52.45,2751.00,4.87
1485,5.57,31.02,4.37,4.37,19.10,41.50,1722.25,4.37
1500,4.79,22.94,4.44,4.79,22.94,51.30,2631.69,4.79
1502,5.57,31.02,4.44,4.15,17.25,50.90,2590.81,4.52
1510,3.60,12.96,3.28,3.84,14.73,50.75,2575.56,3.60
1514,6.04,36.54,6.37,10.63,113.00,61.90,3831.61,10.63
1519,9.62,92.54,9.62,9.62,92.54,61.50,3782.25,9.62
1520,7.43,55.20,7.43,8.94,79.96,55.85,3119.22,7.43
1522,4.21,17.72,5.57,6.27,39.26,42.80,1831.84,6.11
1523,4.92,24.21,4.92,4.92,24.21,52.65,2772.02,4.92
1525,4.19,17.56,3.95,4.19,17.56,50.20,2520.04,4.19
1526,1.80,3.24,1.80,1.80,3.24,50.90,2590.81,1.80
1527,5.93,35.16,5.50,5.50,30.25,62.05,3850.20,5.50
1528,3.39,11.49,3.93,3.39,11.49,56.20,3158.44,3.39
1529,4.49,20.16,4.49,3.78,14.29,41.50,1722.25,4.49
1531,3.25,10.56,3.76,3.75,14.04,53.25,2835.56,3.21
1532,4.48,20.07,3.39,3.93,15.43,45.45,2065.70,4.48
1533,3.31,10.97,3.76,3.93,15.48,55.40,3069.16,3.87
1535,3.17,10.07,3.81,3.72,13.83,52.50,2756.25,3.28
1536,3.72,13.84,3.92,3.80,14.42,56.80,3226.24,3.72
1540,4.31,18.55,3.22,3.77,14.22,51.35,2636.82,3.22
1541,5.67,32.19,7.03,8.50,72.17,57.90,3352.41,7.03
1543,4.61,21.28,3.93,4.46,19.89,46.00,2116.00,4.46
1544,2.36,5.57,2.36,2.36,5.57,50.25,2525.06,2.36
1547,3.14,9.86,3.14,3.86,14.88,52.55,2761.50,3.14
1550,2.80,7.84,2.79,3.73,13.91,41.50,1722.25,2.80
1551,4.15,17.22,4.15,4.15,17.22,51.70,2672.89,4.15
1552,2.44,5.95,4.02,4.10,16.83,44.35,1966.92,2.44
1555,4.00,16.00,3.65,3.92,15.36,44.65,1993.62,4.00
1556,3.41,11.63,4.16,4.32,18.65,54.20,2937.64,3.41
1564,2.98,8.88,2.98,3.76,14.13,52.85,2793.12,2.98
1567,3.69,13.62,3.29,3.83,14.63,50.70,2570.49,3.69
1569,2.89,8.35,3.27,2.89,8.35,55.30,3058.09,2.89
1570,2.60,6.76,2.60,3.86,14.92,45.20,2043.04,2.60
1571,3.91,15.29,3.91,3.91,15.29,52.95,2803.70,3.91
1575,3.20,10.25,4.91,3.40,11.56,45.10,2034.01,3.40
1577,4.21,17.72,4.21,4.21,17.72,48.15,2318.42,4.21
1579,4.11,16.89,4.61,4.11,16.89,50.85,2585.72,4.11
1581,3.44,11.85,2.47,4.44,19.75,47.25,2232.56,2.47
1584,4.28,18.32,4.19,4.10,16.85,41.50,1722.25,4.28
1585,3.04,9.25,4.37,3.80,14.44,42.75,1827.56,3.80
1588,3.35,11.22,3.35,3.35,11.22,49.45,2445.30,3.35
1590,3.72,13.85,3.73,3.50,12.25,45.75,2093.06,3.50
1591,3.71,13.73,2.30,2.30,5.29,53.20,2830.24,2.30
1598,3.44,11.85,4.03,4.18,17.47,41.50,1722.25,4.18
1613,2.82,7.95,2.82,2.82,7.95,43.65,1905.32,2.82
1637,2.49,6.20,2.49,3.35,11.20,51.35,2636.82,2.49
1644,3.76,14.14,5.18,4.72,22.32,42.00,1764.00,5.29
1646,6.40,41.01,7.15,6.40,40.97,46.55,2166.90,8.37
1647,5.03,25.29,5.59,5.29,27.98,49.70,2470.09,6.00
1649,3.89,15.13,3.89,4.94,24.36,52.70,2777.29,3.89
1651,5.53,30.62,8.51,8.51,72.42,61.95,3837.80,8.51
1667,11.22,125.89,6.09,11.22,125.89,56.65,3209.22,11.22
1670,11.50,132.25,11.50,11.50,132.25,55.45,3074.70,11.50
1672,5.85,34.18,7.14,7.14,50.98,41.50,1722.25,7.14
1674,14.41,207.65,14.41,14.41,207.65,54.20,2937.64,14.41
1675,3.41,11.63,4.27,3.41,11.63,45.70,2088.49,3.41
1680,10.42,108.52,10.95,6.82,46.46,53.30,2840.89,10.95
1682,6.12,37.49,6.33,9.00,81.00,60.75,3690.56,9.00
1686,2.18,4.75,2.18,2.18,4.75,41.50,1722.25,2.18
1770,6.01,36.07,6.61,9.81,96.24,61.50,3782.25,9.81
1771,6.38,40.69,6.63,6.59,43.44,64.55,4166.70,9.38
1829,5.25,27.56,5.50,5.25,27.56,50.85,2585.72,5.25
1840,5.07,25.70,4.20,5.88,34.53,53.25,2835.56,5.49
1841,3.45,11.91,4.21,3.61,13.03,48.65,2366.82,3.61
1858,2.59,6.71,3.26,3.00,9.01,52.55,2761.50,2.59
1867,9.60,92.15,8.50,8.50,72.25,58.15,3381.42,8.50
1868,5.25,27.57,5.31,4.88,23.81,52.65,2772.02,4.88
1869,5.25,27.57,6.26,6.26,39.19,53.65,2878.32,6.26
1879,7.04,49.56,10.58,7.04,49.56,56.00,3136.00,7.04
1896,6.58,43.30,5.26,6.26,39.18,55.60,3091.36,6.58
1901,8.65,74.91,4.42,4.42,19.54,45.70,2088.49,4.42
1904,3.50,12.25,3.50,3.50,12.25,43.60,1900.96,3.50
1909,4.70,22.09,4.70,4.46,19.91,52.65,2772.02,4.70
1910,5.03,25.30,4.53,5.03,25.30,47.15,2223.12,5.03
1912,12.66,160.28,10.81,12.66,160.28,65.55,4296.80,12.66
1919,3.61,13.05,3.30,3.85,14.85,45.80,2097.64,3.30
1920,3.24,10.50,3.24,3.24,10.50,53.55,2867.60,3.24
1923,4.38,19.18,4.38,6.32,39.98,51.45,2647.10,4.38
1929,3.50,12.25,2.98,3.03,9.19,57.65,3323.52,3.50
1930,6.50,42.20,9.49,7.05,49.70,53.85,2899.82,7.05
1933,3.30,10.89,3.48,3.48,12.11,46.95,2204.30,3.48
1936,7.91,62.57,7.91,7.91,62.57,51.25,2626.56,7.91
1937,4.65,21.65,3.71,3.71,13.76,48.15,2318.42,3.71
1940,7.82,61.15,7.82,8.96,80.21,53.15,2824.92,7.82
1984,6.13,37.63,10.54,8.85,78.35,60.80,3696.64,10.54
1985,3.12,9.72,3.88,3.73,13.93,48.55,2357.10,3.26
1986,6.77,45.83,6.29,8.81,77.67,51.10,2611.21,6.77
1988,3.23,10.43,3.23,5.28,27.89,50.55,2555.30,3.23
1997,5.54,30.66,6.75,4.50,20.25,44.00,1936.00,4.50
1999,5.81,33.76,5.81,5.81,33.76,41.50,1722.25,5.81
2006,7.94,63.04,5.86,7.94,63.04,56.35,3175.32,7.94
2008,6.09,37.08,6.30,6.30,39.69,51.70,2672.89,6.30
2012,5.42,29.35,5.86,5.86,34.34,42.60,1814.76,5.86
2013,5.84,34.15,5.92,4.57,20.88,54.90,3014.01,4.57
2014,7.34,53.88,7.34,5.54,30.68,59.95,3594.00,7.34
2026,9.77,95.45,9.77,6.38,40.71,55.90,3124.81,9.77
2036,6.73,45.29,6.73,6.73,45.29,60.90,3708.81,6.73
2043,8.58,73.62,5.60,5.28,27.88,46.15,2129.82,4.24
2044,3.52,12.39,5.72,5.72,32.72,50.10,2510.01,5.72
2049,5.46,29.81,5.15,5.46,29.81,41.50,1722.25,5.46
2050,2.75,7.56,5.20,3.55,12.60,42.60,1814.76,3.55
2059,6.87,47.20,6.87,5.47,29.94,52.80,2787.84,6.87
2071,9.79,95.84,7.54,6.41,41.14,56.55,3197.90,9.79
2073,3.22,10.37,3.22,4.89,23.90,44.35,1966.92,3.22
2074,7.94,63.04,5.62,7.94,63.04,56.50,3192.25,7.94
2076,7.37,54.32,5.66,7.37,54.32,61.45,3776.10,7.37
2081,3.85,14.82,3.85,4.97,24.74,48.40,2342.56,3.85
2084,6.77,45.83,5.50,5.26,27.62,69.75,4865.06,6.77
2089,6.15,37.82,6.15,6.15,37.82,55.95,3130.40,6.15
2092,2.37,5.62,2.37,2.37,5.62,51.40,2641.96,2.37
2093,14.37,206.50,14.37,14.37,206.50,72.90,5314.41,14.37
2094,5.71,32.60,5.71,5.71,32.60,52.00,2704.00,5.71
2097,4.60,21.16,4.60,4.60,21.16,41.50,1722.25,4.60
2100,6.14,37.66,8.75,9.84,96.74,65.20,4251.04,8.75
2101,4.54,20.61,7.22,6.43,41.31,46.15,2129.82,4.54
2102,5.25,27.57,4.30,5.30,28.10,49.55,2455.20,4.30
2110,8.45,71.40,8.45,8.45,71.40,51.35,2636.82,8.45
2111,6.00,36.00,6.00,4.48,20.12,41.50,1722.25,6.00
2112,9.32,86.86,6.02,9.32,86.86,66.10,4369.21,9.32
2116,7.01,49.14,7.01,7.01,49.14,56.00,3136.00,7.01
2117,3.18,10.11,3.18,3.18,10.11,53.90,2905.21,3.18
2119,5.72,32.72,5.72,4.74,22.43,54.70,2992.09,5.72
2123,5.50,30.25,5.50,5.50,30.25,54.60,2981.16,5.50
2124,7.25,52.56,7.25,7.25,52.56,63.40,4019.56,7.25
2125,3.62,13.10,3.62,3.62,13.10,55.45,3074.70,3.62
2127,4.24,17.98,4.24,4.24,17.98,52.10,2714.41,4.24
2129,5.07,25.70,4.76,4.76,22.66,51.10,2611.21,4.76
2131,4.22,17.81,4.22,4.22,17.81,50.75,2575.56,4.22
2156,3.45,11.90,4.10,5.26,27.63,48.40,2342.56,3.45
2159,5.96,35.52,5.96,5.96,35.52,61.40,3769.96,5.96
2160,5.80,33.69,5.55,6.83,46.65,59.50,3540.25,6.83
2161,6.17,38.05,5.43,9.04,81.78,51.95,2698.80,5.43
2163,3.59,12.87,3.00,5.26,27.63,42.05,1768.20,3.00
2164,6.58,43.25,4.68,4.68,21.90,54.25,2943.06,4.68
2165,6.62,43.82,5.55,6.62,43.82,64.80,4199.04,6.62
2178,4.96,24.60,8.24,8.24,67.90,52.15,2719.62,8.24
2190,5.80,33.64,5.80,5.32,28.28,56.10,3147.21,5.80
2193,4.85,23.57,5.10,5.10,26.01,53.30,2840.89,5.10
2204,6.00,36.00,6.00,6.00,36.00,65.35,4270.62,6.00
2208,5.02,25.18,10.91,8.83,77.93,54.10,2926.81,5.56
2218,3.58,12.84,6.52,4.93,24.30,49.10,2410.81,4.93
2219,6.62,43.82,6.62,6.88,47.32,54.45,2964.80,6.62
2246,2.60,6.76,2.60,2.60,6.76,44.75,2002.56,2.60
2247,6.79,46.10,6.52,6.28,39.49,55.35,3063.62,6.79
2264,4.09,16.73,4.09,4.09,16.73,52.65,2772.02,4.09
2265,7.35,54.02,10.79,7.35,54.02,50.60,2560.36,7.35
2285,6.12,37.41,6.58,8.07,65.12,41.50,1722.25,8.07
2286,2.94,8.64,4.16,4.50,20.29,50.00,2500.00,2.94
2288,5.45,29.70,5.45,5.45,29.70,51.70,2672.89,5.45
2289,6.06,36.72,6.06,6.06,36.72,41.50,1722.25,6.06
2290,2.72,7.40,3.17,3.96,15.69,51.35,2636.82,2.72
2293,4.04,16.29,3.78,6.02,36.24,41.50,1722.25,6.02
2294,6.70,44.89,4.30,6.70,44.89,45.55,2074.80,6.70
2301,4.38,19.18,4.30,4.38,19.18,53.15,2824.92,4.38
2308,5.79,33.52,4.30,5.79,33.52,51.60,2662.56,5.79
2322,7.34,53.88,7.17,6.56,43.02,60.40,3648.16,7.34
2323,10.73,115.13,10.73,10.73,115.13,68.35,4671.72,10.73
2324,5.11,26.11,8.27,8.27,68.39,58.70,3445.69,8.27
2325,8.48,71.91,6.93,8.48,71.91,51.60,2662.56,8.48
2326,4.91,24.11,4.91,4.91,24.11,51.00,2601.00,4.91
2344,3.50,12.25,3.50,3.50,12.25,41.10,1689.21,3.50
2358,5.88,34.63,4.64,6.17,38.06,47.15,2223.12,4.64
2359,4.53,20.52,4.53,6.25,39.12,50.60,2560.36,4.53
2370,6.37,40.58,4.24,6.37,40.58,56.45,3186.60,6.37
2371,10.58,111.94,6.95,10.58,111.94,40.60,1648.36,10.58
2434,12.21,149.08,12.21,12.21,149.08,67.15,4509.12,12.21
2436,6.63,43.96,5.88,6.63,43.96,49.65,2465.12,6.63
2440,6.12,37.45,6.12,5.67,32.12,52.60,2766.76,6.12
2441,4.73,22.37,4.88,4.46,19.87,51.35,2636.82,4.88
2445,9.84,96.83,9.84,9.84,96.83,67.30,4529.29,9.84
2453,5.48,30.00,5.31,6.58,43.33,53.00,2809.00,5.31
2461,3.80,14.43,5.02,4.13,17.06,48.30,2332.89,4.13
2464,3.04,9.25,7.66,7.66,58.68,58.20,3387.24,7.66
2474,5.12,26.20,6.13,5.28,27.89,52.25,2730.06,6.13
2477,8.30,68.89,8.30,8.30,68.89,57.10,3260.41,8.30
2481,2.70,7.29,2.85,3.52,12.36,50.30,2530.09,2.70
2485,3.11,9.67,3.11,3.11,9.67,43.00,1849.00,3.11
2486,4.38,19.18,4.38,4.38,19.18,49.95,2495.00,4.38
2497,8.87,78.66,11.17,9.39,88.25,51.05,2606.10,12.00
2499,12.68,160.73,13.80,13.80,190.44,70.55,4977.30,13.80
2506,4.38,19.18,5.62,6.64,44.07,46.15,2129.82,4.38
2508,2.28,5.19,1.99,1.99,3.96,41.50,1722.25,1.99
2510,1.69,2.87,2.20,2.28,5.22,51.85,2688.42,1.56
2518,3.61,13.03,3.61,5.03,25.34,54.25,2943.06,3.61
2520,4.14,17.15,4.00,5.02,25.18,53.55,2867.60,4.00
2521,5.16,26.63,4.37,4.19,17.53,50.50,2550.25,5.16
2523,4.55,20.72,4.51,4.46,19.90,60.15,3618.02,5.50
2531,9.51,90.53,6.41,9.41,88.54,52.45,2751.00,6.41
2537,5.08,25.81,5.08,4.86,23.67,54.85,3008.52,5.08
2539,3.70,13.68,4.99,4.05,16.40,46.15,2129.82,4.05
2542,10.07,101.49,11.13,9.20,84.71,56.10,3147.21,8.09
2560,4.09,16.73,4.09,4.09,16.73,42.05,1768.20,4.09
2565,5.01,25.10,5.01,5.01,25.10,44.65,1993.62,5.01
2568,4.57,20.84,5.50,5.50,30.25,41.35,1709.82,5.50
2571,4.28,18.32,4.28,4.28,18.32,48.15,2318.42,4.28
2574,5.98,35.76,5.67,6.09,37.13,41.50,1722.25,5.67
2582,5.80,33.64,5.80,5.80,33.64,41.50,1722.25,5.80
2586,1.97,3.87,3.77,1.79,3.20,41.50,1722.25,3.77
2592,4.94,24.39,4.24,4.31,18.54,42.95,1844.70,3.00
2611,5.67,32.15,7.09,6.38,40.71,55.50,3080.25,5.67
2617,4.70,22.07,6.86,6.24,38.97,41.50,1722.25,4.79
2619,4.70,22.07,5.50,5.27,27.74,47.40,2246.76,5.00
2621,4.63,21.48,5.07,5.07,25.70,60.80,3696.64,5.07
2630,1.49,2.22,1.65,1.79,3.20,57.05,3254.70,1.49
2632,5.26,27.71,3.50,3.50,12.25,41.30,1705.69,3.50
2633,6.41,41.09,6.41,6.41,41.09,62.95,3962.70,6.41
2636,5.87,34.41,5.85,6.19,38.32,48.45,2347.40,3.35
2653,4.12,16.95,3.57,4.28,18.31,53.15,2824.92,4.24
2656,3.15,9.93,3.27,3.23,10.43,50.90,2590.81,3.23
2661,3.14,9.86,3.78,3.14,9.86,53.75,2889.06,3.14
2665,6.83,46.65,6.83,6.83,46.65,55.70,3102.49,6.83
2673,2.92,8.53,2.92,2.19,4.78,50.45,2545.20,2.92
2684,8.16,66.59,8.16,7.88,62.17,41.50,1722.25,8.16
2773,5.82,33.87,5.93,6.24,38.98,53.00,2809.00,5.82
2774,4.70,22.11,5.89,6.32,39.93,45.45,2065.70,6.52
2775,4.70,22.11,5.22,5.07,25.70,55.30,3058.09,5.07
2776,4.76,22.66,4.76,4.76,22.66,54.75,2997.56,4.76
2777,3.33,11.09,3.33,3.33,11.09,48.65,2366.82,3.33
2778,5.57,31.07,7.05,6.22,38.69,52.70,2777.29,5.41
2779,4.90,24.01,4.90,4.90,24.01,53.10,2819.61,4.90
2785,8.38,70.22,6.49,8.38,70.22,53.40,2851.56,8.38
2786,8.86,78.50,8.86,8.86,78.41,60.50,3660.25,8.86
2787,8.96,80.28,6.16,6.52,42.47,53.05,2814.30,8.96
2788,6.18,38.15,6.88,5.83,33.99,55.75,3108.06,5.83
2792,4.51,20.37,7.66,7.66,58.68,61.85,3825.42,7.66
2795,5.17,26.75,5.12,3.38,11.42,51.35,2636.82,3.38
2798,4.00,16.00,4.00,4.00,16.00,51.05,2606.10,4.00
2800,4.36,19.00,5.50,6.35,40.30,40.70,1656.49,5.50
2805,5.65,31.89,5.86,2.68,7.18,43.75,1914.06,2.68
2807,2.67,7.13,3.13,2.67,7.13,51.10,2611.21,2.67
2812,5.96,35.52,3.28,3.28,10.76,54.40,2959.36,3.28
2814,5.63,31.70,7.64,7.64,58.37,54.00,2916.00,7.64
2815,13.81,190.72,13.81,13.81,190.72,41.50,1722.25,13.81
2818,3.27,10.69,3.27,3.27,10.69,51.90,2693.61,3.27
2821,4.68,21.90,4.68,4.68,21.90,48.60,2361.96,4.68
2823,6.98,48.72,6.98,6.98,48.72,41.50,1722.25,6.98
2825,2.66,7.08,2.37,2.27,5.15,41.50,1722.25,2.66
2828,4.10,16.79,5.91,8.97,80.42,50.15,2515.02,4.12
2829,6.08,36.92,5.61,6.21,38.61,50.10,2510.01,2.76
2833,6.32,39.88,5.18,5.01,25.13,47.55,2261.00,4.71
2834,3.79,14.36,4.25,4.61,21.29,56.45,3186.60,4.27
2836,5.46,29.81,5.46,8.18,66.92,41.50,1722.25,5.46
2839,4.99,24.90,4.19,5.03,25.35,45.35,2056.62,4.99
2842,4.35,18.92,4.35,4.94,24.43,53.75,2889.06,4.35
2843,3.76,14.14,5.92,3.76,14.14,52.60,2766.76,3.76
2847,4.19,17.53,4.36,3.98,15.80,41.50,1722.25,6.14
2848,4.95,24.54,5.27,5.82,33.88,44.65,1993.62,4.43
2853,9.51,90.44,9.51,8.92,79.54,71.30,5083.69,9.51
2855,6.55,42.90,8.68,9.50,90.34,53.10,2819.61,6.55
2859,5.04,25.43,5.61,6.61,43.69,55.50,3080.25,6.61
2861,2.74,7.52,2.89,1.25,1.56,47.75,2280.06,1.25
2867,6.55,42.90,6.55,4.87,23.72,51.35,2636.82,6.55
2904,4.11,16.89,4.11,4.11,16.89,51.70,2672.89,4.11
2905,4.98,24.80,4.98,4.98,24.80,43.10,1857.61,4.98
2907,3.82,14.59,3.82,3.82,14.59,50.80,2580.64,3.82
2910,6.26,39.19,4.52,4.11,16.90,60.30,3636.09,6.26
2911,3.61,13.03,3.61,3.61,13.03,49.65,2465.12,3.61
2925,2.57,6.60,4.62,4.71,22.18,43.05,1853.30,2.57
2928,5.07,25.70,3.88,4.30,18.47,62.40,3893.76,5.07
2979,9.48,89.87,10.77,9.57,91.59,57.10,3260.41,6.50
2981,5.80,33.59,9.00,9.17,84.09,50.55,2555.30,9.17
3026,5.06,25.61,2.30,2.30,5.29,41.50,1722.25,2.30
3031,5.00,25.00,5.00,6.39,40.86,41.50,1722.25,5.00
3036,4.30,18.49,4.30,4.30,18.49,48.70,2371.69,4.30
3037,4.54,20.61,4.54,5.92,35.07,49.10,2410.81,4.54
3039,4.92,24.21,5.52,4.92,24.21,55.05,3030.50,4.92
3041,3.03,9.18,3.03,3.03,9.18,49.25,2425.56,3.03
3044,6.31,39.82,6.31,6.31,39.82,56.35,3175.32,6.31
3048,2.83,8.01,2.83,2.83,8.01,41.00,1681.00,2.83
3053,3.47,12.03,4.01,4.01,16.08,43.70,1909.69,4.01
3054,2.75,7.56,5.20,5.48,30.02,46.85,2194.92,3.77
3055,4.21,17.72,5.70,6.15,37.88,47.35,2242.02,4.57
3056,4.80,23.08,5.82,5.68,32.22,41.50,1722.25,7.04
3064,4.66,21.68,4.68,4.94,24.42,42.65,1819.02,3.32
3066,8.09,65.42,4.44,4.44,19.71,47.30,2237.29,4.44
3072,5.63,31.70,5.86,5.00,25.00,43.10,1857.61,5.00
3076,8.52,72.59,7.43,7.43,55.20,52.50,2756.25,7.43
3077,6.54,42.77,6.54,6.54,42.77,49.75,2475.06,6.54
3082,3.60,12.96,3.60,3.60,12.96,52.55,2761.50,3.60
3084,3.93,15.45,5.28,5.28,27.88,55.45,3074.70,5.28
3090,7.29,53.12,6.97,6.72,45.16,55.30,3058.09,6.72
3094,3.35,11.22,2.88,2.94,8.67,50.00,2500.00,3.35
3100,17.96,322.61,13.08,13.08,171.09,58.65,3439.82,13.08
3104,6.19,38.26,6.89,6.33,40.03,52.00,2704.00,6.89
3105,6.75,45.56,6.75,6.75,45.56,41.50,1722.25,6.75
3110,3.70,13.69,3.70,3.13,9.81,41.50,1722.25,3.70
3118,3.18,10.11,3.39,6.48,41.99,62.80,3943.84,6.48
3122,5.65,31.92,5.52,5.75,33.03,57.80,3340.84,6.01
3127,3.18,10.11,4.59,4.59,21.07,55.85,3119.22,4.59
3145,2.31,5.34,3.61,2.31,5.34,46.45,2157.60,2.31
3147,5.45,29.70,4.68,6.31,39.82,41.50,1722.25,6.31
3162,3.44,11.87,3.09,3.09,9.55,51.75,2678.06,3.09
3164,3.55,12.58,4.21,4.88,23.78,50.65,2565.42,3.66
3167,3.88,15.05,4.23,3.88,15.05,53.45,2856.90,3.88
3170,3.93,15.44,4.05,4.85,23.51,53.55,2867.60,3.93
3172,4.07,16.56,4.05,4.96,24.62,46.35,2148.32,4.07
3176,2.46,6.05,2.46,2.46,6.05,41.50,1722.25,2.46
3177,5.45,29.70,5.45,5.45,29.70,43.05,1853.30,5.45
3189,3.97,15.76,5.48,3.97,15.76,46.45,2157.60,3.97
3206,7.22,52.06,6.54,7.21,51.98,53.40,2851.56,7.21
3208,3.50,12.25,3.50,6.22,38.71,45.95,2111.40,3.50
3211,3.91,15.29,4.91,3.91,15.29,45.55,2074.80,3.91
3215,5.25,27.56,5.25,5.25,27.56,52.75,2782.56,5.25
3221,3.59,12.89,3.59,3.59,12.89,47.70,2275.29,3.59
3228,2.96,8.76,5.70,2.96,8.76,45.60,2079.36,2.96
3229,5.23,27.35,5.74,5.77,33.24,43.20,1866.24,5.23
3231,5.63,31.74,3.00,3.00,9.00,45.90,2106.81,3.00
3240,12.22,149.33,12.22,12.22,149.33,69.50,4830.25,12.22
3241,3.75,14.06,3.75,3.75,14.06,48.90,2391.21,3.75
3242,4.04,16.31,5.18,5.18,26.83,53.75,2889.06,5.18
3251,6.25,39.05,8.38,9.95,99.05,64.10,4108.81,8.38
3260,3.32,11.02,5.00,4.79,22.97,47.50,2256.25,3.32
3262,7.19,51.69,6.02,6.02,36.24,55.15,3041.52,6.02
3265,5.25,27.56,5.25,4.16,17.35,50.95,2595.90,5.25
3267,5.38,28.94,5.38,7.47,55.76,49.60,2460.16,5.38
3269,4.73,22.39,6.00,8.98,80.62,54.25,2943.06,6.00
3274,4.71,22.22,3.46,8.92,79.50,45.20,2043.04,3.46
3302,3.62,13.10,8.27,7.66,58.68,48.00,2304.00,3.62
3311,4.66,21.72,4.26,4.65,21.60,48.45,2347.40,4.26
3314,4.20,17.64,4.23,5.26,27.67,46.40,2152.96,4.20
3320,8.64,74.65,6.23,8.64,74.65,51.65,2667.72,8.64
3321,5.77,33.29,5.77,5.77,33.29,44.50,1980.25,5.77
3323,4.31,18.58,4.31,4.31,18.58,47.55,2261.00,4.31
3328,7.75,60.06,7.20,7.75,60.06,56.50,3192.25,7.75
3329,4.93,24.30,4.93,8.88,78.87,49.90,2490.01,4.93
3364,4.00,16.00,4.00,5.00,25.04,44.60,1989.16,4.00
3378,4.95,24.50,4.99,5.43,29.45,51.55,2657.40,4.99
3380,3.01,9.06,3.01,3.01,9.06,43.80,1918.44,3.01
3381,3.00,9.00,3.00,5.80,33.60,54.90,3014.01,3.00
3383,13.87,192.38,10.74,9.23,85.17,64.95,4218.50,13.87
3394,5.79,33.52,5.79,5.34,28.46,53.65,2878.32,5.79
3399,2.45,6.00,2.45,2.45,6.00,42.60,1814.76,2.45
3402,3.24,10.47,3.91,4.12,16.97,42.85,1836.12,4.12
3404,3.74,13.99,3.74,3.74,13.99,44.10,1944.81,3.74
3408,3.49,12.18,4.45,3.49,12.18,45.50,2070.25,3.49
3418,5.00,25.00,5.27,5.00,25.00,43.05,1853.30,5.00
3432,1.86,3.44,2.69,2.69,7.23,47.45,2251.50,2.11
3437,3.43,11.76,3.43,3.43,11.76,56.95,3243.30,3.43
3439,4.85,23.55,11.35,8.83,78.00,41.50,1722.25,4.53
3448,6.85,46.92,6.85,9.25,85.63,58.50,3422.25,6.85
3450,8.48,71.92,3.56,9.72,94.38,55.70,3102.49,3.56
3452,11.41,130.19,11.41,11.41,130.19,65.20,4251.04,11.41
3453,11.19,125.22,10.64,11.19,125.22,41.50,1722.25,11.19
3454,9.79,95.82,6.08,6.08,36.97,55.70,3102.49,6.08
3457,12.30,151.29,12.30,12.30,151.29,68.55,4699.10,12.30
3460,10.84,117.51,10.58,9.27,86.00,63.20,3994.24,10.84
3461,11.83,139.95,11.83,9.13,83.42,66.65,4442.22,11.83
3464,13.58,184.42,10.56,13.58,184.42,62.65,3925.02,13.58
3466,5.16,26.63,5.16,5.16,26.63,44.50,1980.25,5.16
3469,5.85,34.22,5.85,5.85,34.22,50.60,2560.36,5.85
3472,6.00,36.00,7.02,6.00,36.00,49.75,2475.06,6.00
3490,2.74,7.52,3.24,2.97,8.82,53.70,2883.69,3.24
3529,4.23,17.89,4.23,4.23,17.89,46.30,2143.69,4.23
3530,6.45,41.60,6.45,9.89,97.85,53.80,2894.44,6.45
3540,10.43,108.78,10.43,9.31,86.59,59.40,3528.36,10.43
3575,2.21,4.88,2.21,2.86,8.18,51.00,2601.00,2.21
3581,3.99,15.92,6.32,9.58,91.85,46.90,2199.61,3.99
3585,6.02,36.30,9.00,9.00,81.00,55.00,3025.00,9.00
3589,3.43,11.79,2.40,3.77,14.21,44.15,1949.22,2.40
3596,4.01,16.06,5.32,5.40,29.15,47.15,2223.12,3.47
3598,5.75,33.06,5.82,5.75,33.06,53.95,2910.60,5.75
3601,4.05,16.40,3.30,5.13,26.27,50.60,2560.36,3.30
3603,3.35,11.22,4.74,5.07,25.72,41.90,1755.61,3.35
3607,3.55,12.57,4.62,4.00,16.00,45.85,2102.22,4.00
3631,3.80,14.44,3.80,3.80,14.44,41.50,1722.25,3.80
3643,4.09,16.77,6.04,4.00,16.00,43.35,1879.22,4.00
3663,3.59,12.89,4.28,3.59,12.89,55.15,3041.52,3.59
3671,3.83,14.67,3.83,6.18,38.18,46.55,2166.90,3.83
3677,4.51,20.34,5.04,4.37,19.10,48.85,2386.32,4.37
3678,7.06,49.84,7.06,7.06,49.84,52.60,2766.76,7.06
3683,5.21,27.17,10.92,9.01,81.15,54.05,2921.40,5.89
3686,4.70,22.08,5.48,5.48,30.03,52.55,2761.50,5.48
3736,1.50,2.25,2.69,1.50,2.25,42.85,1836.12,1.50
3739,5.00,25.00,5.00,5.47,29.88,48.65,2366.82,5.00
3746,3.16,10.02,2.79,3.48,12.14,42.65,1819.02,2.79
3803,8.14,66.26,8.14,8.14,66.26,61.80,3819.24,8.14
3816,9.90,98.01,9.90,9.90,98.01,41.50,1722.25,9.90
3820,5.35,28.65,7.50,8.82,77.83,42.80,1831.84,7.50
3824,3.49,12.16,3.91,9.60,92.14,51.60,2662.56,3.91
3826,4.87,23.68,5.02,5.74,32.96,41.50,1722.25,5.02
3838,4.83,23.33,4.83,4.83,23.33,41.15,1693.32,4.83
3854,6.50,42.25,6.50,6.50,42.25,41.50,1722.25,6.50
3869,6.33,40.06,3.58,3.58,12.82,53.15,2824.92,3.58
3873,12.68,160.73,7.00,6.44,41.53,65.00,4225.00,10.98
3880,2.28,5.20,2.88,2.28,5.20,53.85,2899.82,2.28
3882,3.81,14.52,3.81,3.81,14.52,53.60,2872.96,3.81
3893,11.25,126.56,11.25,11.25,126.56,69.35,4809.42,11.25
3896,9.55,91.20,11.24,9.55,91.20,53.85,2899.82,9.55
3897,4.94,24.37,5.06,5.77,33.24,52.65,2772.02,5.06
3904,7.22,52.13,6.76,7.35,53.95,64.00,4096.00,7.22
4079,8.68,75.41,7.25,5.35,28.62,50.35,2535.12,5.35
4081,1.87,3.50,1.87,1.58,2.48,49.45,2445.30,1.87
4130,5.35,28.62,5.35,5.35,28.62,61.75,3813.06,5.35
4135,1.70,2.89,3.19,3.56,12.65,46.70,2180.89,2.97
4145,7.11,50.61,4.14,4.14,17.14,52.20,2724.84,4.14
4160,4.74,22.47,5.14,6.30,39.70,50.50,2550.25,4.74
4161,4.11,16.89,4.11,4.11,16.89,52.70,2777.29,4.11
4196,3.50,12.25,3.50,3.50,12.25,44.05,1940.40,3.50
4216,2.24,5.02,5.42,2.24,5.02,47.40,2246.76,2.24
4243,1.80,3.24,2.69,2.69,7.23,50.00,2500.00,1.80
4244,1.82,3.31,1.82,1.82,3.31,41.50,1722.25,1.82
4245,1.73,2.99,2.69,1.73,2.99,41.60,1730.56,1.73
4255,4.97,24.70,4.97,4.95,24.50,49.40,2440.36,4.97
4258,4.70,22.09,4.42,4.26,18.18,41.50,1722.25,4.77
4259,4.80,23.08,8.00,5.61,31.46,61.10,3733.21,8.00
4272,5.57,31.07,7.05,6.22,38.63,51.55,2657.40,5.46
4295,3.47,12.03,5.93,5.93,35.16,52.35,2740.52,5.93
4298,3.90,15.21,3.90,3.90,15.21,43.30,1874.89,3.90
4322,4.93,24.30,4.78,4.93,24.30,49.25,2425.56,4.93
4344,3.13,9.81,3.37,3.37,11.36,44.80,2007.04,3.37
4346,7.23,52.27,5.06,5.06,25.60,45.45,2065.70,5.06
4348,4.61,21.27,2.90,2.90,8.41,52.95,2803.70,2.90
4350,3.12,9.74,3.95,6.64,44.06,44.45,1975.80,3.95
4351,4.45,19.80,5.42,6.96,48.38,53.25,2835.56,4.45
4353,4.85,23.57,5.50,5.23,27.39,54.05,2921.40,2.15
4355,5.35,28.67,5.54,5.96,35.53,43.30,1874.89,5.44
4363,3.81,14.52,3.81,6.22,38.73,52.75,2782.56,3.81
4367,4.53,20.52,4.53,4.53,20.52,44.40,1971.36,4.53
4368,6.43,41.34,6.43,6.43,41.34,51.05,2606.10,6.43
4370,8.19,67.08,8.19,8.19,67.08,59.85,3582.02,8.19
4389,5.67,32.19,5.75,5.75,33.04,46.25,2139.06,5.75
4403,4.20,17.64,4.20,4.20,17.64,50.15,2515.02,4.20
4430,2.30,5.29,5.30,5.41,29.27,42.20,1780.84,5.30
4440,3.35,11.22,4.06,3.96,15.69,48.90,2391.21,3.35
4450,1.33,1.77,1.33,1.33,1.77,43.55,1896.60,1.33
4475,3.56,12.68,4.50,5.00,25.03,47.30,2237.29,2.81
4476,5.02,25.19,5.82,3.87,14.98,54.20,2937.64,3.87
4497,2.54,6.45,7.03,7.03,49.42,51.45,2647.10,7.03
4500,3.35,11.22,3.24,3.87,15.00,50.10,2510.01,3.35
4501,3.30,10.89,3.30,3.87,15.00,55.35,3063.62,3.20
4513,5.76,33.13,6.62,8.27,68.36,44.65,1993.62,6.62
4514,9.16,83.96,8.28,8.10,65.66,64.45,4153.80,10.75
4535,4.93,24.30,5.69,5.50,30.26,49.80,2480.04,2.85
4560,3.80,14.43,4.87,3.87,14.98,46.30,2143.69,3.87
4564,5.73,32.83,5.73,5.71,32.56,55.05,3030.50,5.73
4570,3.87,14.98,8.76,3.87,14.98,52.95,2803.70,3.87
4571,4.21,17.72,5.72,4.50,20.25,45.15,2038.52,4.50
4573,5.45,29.75,5.55,5.55,30.80,57.90,3352.41,5.55
4581,8.14,66.26,4.57,4.57,20.88,52.50,2756.25,4.57
4688,3.07,9.42,3.07,3.07,9.42,51.25,2626.56,3.07
4755,6.50,42.25,5.79,6.50,42.25,46.80,2190.24,6.50
4756,3.80,14.44,4.98,4.97,24.70,50.65,2565.42,3.80
4760,5.26,27.67,7.14,7.99,63.88,54.00,2916.00,5.26
4761,3.47,12.06,5.29,5.98,35.72,41.50,1722.25,5.29
4763,5.77,33.24,6.74,8.90,79.23,40.35,1628.12,2.62
4764,7.32,53.64,5.72,6.42,41.19,55.75,3108.06,5.72
4772,2.54,6.45,7.21,7.17,51.48,47.60,2265.76,3.78
4774,4.52,20.43,7.17,4.52,20.43,48.65,2366.82,4.52
4775,1.76,3.10,2.12,1.82,3.31,43.85,1922.82,1.82
4841,9.67,93.51,9.67,9.67,93.51,62.45,3900.00,9.67
4847,2.95,8.70,4.16,2.95,8.70,42.10,1772.41,2.95
4848,5.24,27.46,5.24,4.99,24.91,53.75,2889.06,5.24
4898,3.64,13.25,6.22,6.23,38.87,53.55,2867.60,3.64
4902,1.75,3.06,1.75,1.75,3.06,43.60,1900.96,1.75
4903,9.63,92.74,9.63,5.74,32.95,41.50,1722.25,9.63
4905,4.41,19.42,3.31,3.31,10.96,42.50,1806.25,3.31
4907,3.94,15.52,7.80,3.94,15.52,44.50,1980.25,3.94
4915,5.09,25.91,5.09,5.09,25.91,53.40,2851.56,5.09
4932,5.00,25.00,5.00,5.35,28.60,42.45,1802.00,5.00
4935,6.21,38.62,3.97,3.97,15.76,50.90,2590.81,3.97
4937,4.45,19.80,5.50,4.45,19.80,51.40,2641.96,4.45
4947,9.62,92.46,6.97,6.97,48.58,52.25,2730.06,6.97
4949,6.45,41.60,6.45,6.45,41.60,54.55,2975.70,6.45
4950,5.61,31.47,5.61,6.43,41.37,50.25,2525.06,5.61
4951,2.95,8.70,2.95,2.95,8.70,41.50,1722.25,2.95
4952,3.21,10.30,3.21,3.21,10.30,46.80,2190.24,3.21
4990,3.52,12.39,3.52,3.52,12.39,51.35,2636.82,3.52
5001,6.68,44.62,6.68,6.41,41.13,53.25,2835.56,6.68
5030,5.00,25.00,5.00,8.25,67.99,41.50,1722.25,5.00
5034,4.50,20.25,5.48,4.50,20.25,50.85,2585.72,4.50
5038,3.87,15.01,5.27,6.28,39.46,48.60,2361.96,5.33
5040,4.34,18.84,4.34,3.30,10.90,55.95,3130.40,4.34
5042,3.29,10.82,4.73,3.29,10.82,50.95,2595.90,3.29
5043,4.00,16.00,5.06,4.00,16.00,49.30,2430.49,4.00
5080,4.38,19.18,8.24,8.25,67.98,52.40,2745.76,4.38
5132,6.90,47.61,6.90,5.86,34.37,51.20,2621.44,6.90
5136,10.64,113.21,10.64,10.64,113.21,58.85,3463.32,10.64
5140,4.97,24.70,4.97,4.97,24.70,46.10,2125.21,4.97
5141,9.24,85.38,7.79,9.24,85.38,62.85,3950.12,9.24
5163,8.79,77.27,7.67,10.89,118.59,66.25,4389.06,10.89
5170,4.20,17.64,4.39,4.03,16.24,54.95,3019.50,4.39
5175,3.80,14.43,5.03,3.68,13.54,53.45,2856.90,3.68
5191,2.08,4.33,3.85,2.08,4.33,44.55,1984.70,2.08
5193,2.64,6.97,5.55,6.01,36.08,46.15,2129.82,2.64
5196,5.08,25.81,4.32,4.29,18.38,41.50,1722.25,5.08
5197,4.80,23.08,5.32,5.65,31.98,57.15,3266.12,6.22
5212,4.17,17.36,3.59,3.59,12.89,47.95,2299.20,3.59
5245,4.09,16.73,4.09,4.09,16.73,47.65,2270.52,4.09
5246,5.90,34.81,5.90,5.90,34.81,47.60,2265.76,5.90
5251,6.79,46.11,3.22,6.40,40.98,52.70,2777.29,3.22
5258,3.46,11.95,6.42,6.64,44.06,45.30,2052.09,4.54
5276,5.77,33.29,5.79,5.79,33.53,49.45,2445.30,4.50
5282,6.50,42.25,5.79,4.01,16.08,53.65,2878.32,4.01
5293,4.26,18.15,3.20,5.03,25.34,47.15,2223.12,3.20
5296,7.23,52.23,9.00,9.03,81.51,48.45,2347.40,4.54
5300,5.44,29.62,4.29,4.29,18.40,47.35,2242.02,4.29
5301,5.00,25.00,5.00,5.00,25.00,53.45,2856.90,5.00
5302,5.01,25.10,5.01,5.01,25.10,52.05,2709.20,5.01
10304,2.03,4.12,2.03,2.36,5.57,51.50,2652.25,2.03
10369,2.64,6.97,3.21,2.64,6.97,50.25,2525.06,2.64
10452,2.07,4.28,2.29,2.29,5.23,41.50,1722.25,2.07
10463,2.29,5.24,2.36,2.36,5.57,41.50,1722.25,2.37
10510,4.44,19.67,5.59,6.36,40.45,43.05,1853.30,6.36
10531,4.44,19.67,5.59,3.87,14.98,40.70,1656.49,3.87
10552,4.85,23.51,4.50,5.76,33.20,51.40,2641.96,4.50
10558,5.79,33.57,5.41,4.59,21.07,48.05,2308.80,4.59
10602,5.07,25.68,5.91,5.51,30.33,50.55,2555.30,5.91
10611,4.86,23.62,4.86,5.76,33.21,46.75,2185.56,4.86
10617,8.58,73.62,8.58,8.58,73.62,62.25,3875.06,8.58
10651,5.12,26.21,5.72,5.95,35.45,46.70,2180.89,5.12
10690,2.75,7.56,2.75,2.75,7.56,44.20,1953.64,2.75
10711,3.86,14.90,3.86,3.86,14.90,48.25,2328.06,3.86
10717,5.03,25.30,5.03,5.03,25.30,68.30,4664.89,5.03
10733,5.02,25.19,4.86,4.86,23.62,50.95,2595.90,4.86
10808,5.79,33.52,5.79,9.03,81.55,54.25,2943.06,5.79
10811,3.29,10.82,3.30,3.29,10.82,53.55,2867.60,3.29
10838,3.17,10.05,3.17,3.17,10.05,53.50,2862.25,3.17
10842,4.48,20.07,5.88,5.88,34.57,59.05,3486.90,5.88
10843,5.07,25.67,4.42,4.42,19.54,41.50,1722.25,4.42
10846,10.00,100.00,10.74,9.07,82.25,54.75,2997.56,10.00
10859,3.18,10.11,4.30,4.73,22.36,54.00,2916.00,3.18
10879,3.90,15.25,4.62,3.63,13.18,47.15,2223.12,3.63
10899,1.97,3.88,5.68,1.97,3.88,44.85,2011.52,1.97
10914,3.63,13.18,3.63,3.63,13.18,52.15,2719.62,3.63
10917,4.18,17.43,3.09,3.09,9.55,51.60,2662.56,3.09
10923,4.33,18.75,6.48,4.33,18.75,53.50,2862.25,4.33
10931,3.48,12.11,3.48,6.38,40.70,51.15,2616.32,3.48
10976,5.58,31.14,9.44,9.30,86.44,55.40,3069.16,5.62
10987,3.30,10.89,3.30,3.30,10.89,44.15,1949.22,3.30
10988,3.99,15.92,3.99,3.86,14.87,42.05,1768.20,3.99
10994,4.47,19.98,6.11,4.47,19.98,51.90,2693.61,4.47
10999,5.20,27.04,5.20,5.20,27.04,47.75,2280.06,5.20
11006,6.50,42.25,6.00,6.50,42.25,44.45,1975.80,6.50
11017,10.00,100.00,6.21,10.00,100.00,48.95,2396.10,10.00
11018,9.48,89.87,10.57,9.56,91.48,46.30,2143.69,2.29
11019,2.60,6.76,2.60,2.60,6.76,49.40,2440.36,2.60
11021,6.29,39.56,6.53,8.93,79.83,55.65,3096.92,5.57
11024,5.85,34.18,5.57,6.92,47.84,48.05,2308.80,3.92
11027,5.85,34.18,4.41,4.41,19.45,53.05,2814.30,4.41
11028,8.69,75.52,6.37,8.98,80.63,55.65,3096.92,8.69
11034,5.85,34.18,2.40,6.92,47.84,46.65,2176.22,2.40
11040,11.92,142.02,3.81,3.81,14.52,49.85,2485.02,3.81
11042,5.62,31.63,6.20,6.20,38.44,53.25,2835.56,6.20
11044,6.20,38.48,5.50,5.50,30.25,55.30,3058.09,5.50
11048,4.21,17.75,4.50,4.50,20.25,50.55,2555.30,4.50
11050,6.70,44.89,9.53,6.70,44.89,46.45,2157.60,6.70
11060,8.56,73.21,7.02,9.30,86.51,63.30,4006.89,7.02
11062,5.93,35.21,6.73,6.55,42.89,62.50,3906.25,3.69
11070,4.61,21.24,6.19,9.49,90.08,54.05,2921.40,4.25
11072,4.61,21.24,9.33,9.33,87.05,53.15,2824.92,9.33
11073,4.61,21.25,4.61,6.67,44.45,45.15,2038.52,4.61
11078,4.88,23.82,9.50,3.50,12.25,45.35,2056.62,3.50
11080,4.53,20.52,4.53,4.53,20.52,46.00,2116.00,4.53
11096,6.50,42.25,6.50,6.50,42.25,45.95,2111.40,6.50
11104,4.64,21.53,4.64,4.64,21.53,53.30,2840.89,4.64
11105,5.17,26.73,9.76,8.83,77.95,52.00,2704.00,5.17
11108,5.50,30.25,5.50,5.50,30.25,42.60,1814.76,5.50
11111,8.52,72.59,7.36,6.31,39.78,50.60,2560.36,8.52
11117,4.77,22.78,4.10,8.96,80.31,45.75,2093.06,4.10
11118,4.38,19.18,6.05,9.13,83.44,44.70,1998.09,4.38
11122,6.63,43.96,11.27,6.63,43.96,41.50,1722.25,6.63
11127,5.09,25.94,6.08,8.91,79.45,40.40,1632.16,6.08
11132,8.47,71.74,8.47,8.47,71.74,60.20,3624.04,8.47
11141,4.09,16.73,4.09,4.09,16.73,46.40,2152.96,4.09
11144,3.00,9.00,3.00,3.00,9.00,41.50,1722.25,3.00
11146,5.54,30.69,5.54,5.54,30.69,54.95,3019.50,5.54
11163,2.63,6.90,2.65,2.76,7.62,47.35,2242.02,2.65
11210,1.12,1.25,1.12,1.12,1.25,59.75,3570.06,1.12
11240,1.69,2.86,1.69,1.69,2.86,50.75,2575.56,1.69
11257,2.07,4.29,1.82,1.79,3.20,42.20,1780.84,2.80
11260,1.75,3.06,1.75,1.75,3.06,41.50,1722.25,1.75
11268,3.54,12.53,3.54,3.54,12.53,52.35,2740.52,3.54
11291,5.57,31.02,7.23,6.44,41.47,41.50,1722.25,5.57
11292,5.02,25.23,7.00,14.83,219.93,41.85,1751.42,14.83
11294,8.92,79.63,7.67,7.50,56.25,46.90,2199.61,7.50
11297,3.68,13.55,6.98,4.75,22.56,53.50,2862.25,4.75
11298,8.92,79.63,7.67,11.15,124.32,60.70,3684.49,11.15
11303,5.36,28.73,7.17,5.36,28.73,53.85,2899.82,5.36
11311,6.00,36.00,6.00,6.00,36.00,41.50,1722.25,6.00
11314,5.66,32.04,5.66,6.43,41.37,55.10,3036.01,5.66
11326,4.20,17.64,4.20,4.20,17.64,47.55,2261.00,4.20
11330,5.90,34.81,7.05,5.90,34.81,47.90,2294.41,5.90
11333,5.19,26.94,5.19,5.19,26.94,51.70,2672.89,5.19
11336,6.03,36.36,6.03,6.03,36.36,44.70,1998.09,6.03
11338,4.61,21.25,4.61,4.61,21.25,54.15,2932.22,4.61
11341,7.80,60.84,7.80,6.39,40.89,41.50,1722.25,7.80
11342,9.68,93.61,7.14,6.45,41.64,58.80,3457.44,4.16
11347,7.31,53.42,7.13,6.50,42.22,53.80,2894.44,11.90
11355,3.29,10.82,7.18,6.33,40.11,51.05,2606.10,3.29
11357,4.51,20.34,4.51,6.45,41.64,47.05,2213.70,4.51
11361,15.81,249.96,15.81,15.81,249.96,61.65,3800.72,15.81
11363,6.31,39.82,7.20,6.31,39.82,54.20,2937.64,6.31
11368,6.38,40.70,6.38,6.38,40.70,53.95,2910.60,6.38
11385,3.94,15.49,3.89,3.89,15.13,59.80,3576.04,3.89
11388,3.70,13.69,3.70,5.26,27.63,41.50,1722.25,3.70
11389,3.59,12.87,4.10,3.44,11.83,42.70,1823.29,3.44
11396,5.77,33.29,5.77,5.77,33.29,63.30,4006.89,5.77
11425,4.21,17.72,4.21,4.21,17.72,43.35,1879.22,4.21
11431,8.62,74.30,5.76,5.04,25.42,41.80,1747.24,8.62
11433,5.22,27.25,6.02,5.86,34.37,41.50,1722.25,5.22
11448,4.46,19.91,2.60,4.88,23.81,41.40,1713.96,2.60
11453,2.30,5.29,2.30,2.30,5.29,48.55,2357.10,2.30
11458,3.56,12.68,4.50,5.00,25.03,50.35,2535.12,3.74
11459,3.00,9.00,4.16,4.18,17.45,41.50,1722.25,3.00
11475,1.90,3.61,1.90,3.81,14.51,45.90,2106.81,1.90
11480,2.11,4.45,2.11,2.11,4.45,41.25,1701.56,2.11
11482,4.35,18.91,5.41,4.94,24.45,48.80,2381.44,3.20
11494,3.12,9.73,3.12,5.22,27.28,47.15,2223.12,3.12
11520,3.50,12.25,5.76,5.04,25.42,42.35,1793.52,3.50
11530,4.58,20.98,4.45,4.97,24.73,45.15,2038.52,4.58
11536,3.92,15.37,5.34,4.96,24.57,42.55,1810.50,3.92
11548,4.01,16.08,4.01,4.28,18.34,45.50,2070.25,4.01
11598,4.80,23.04,4.80,5.09,25.94,49.55,2455.20,4.80
11599,4.41,19.42,4.50,4.50,20.25,50.50,2550.25,4.50
11652,2.12,4.49,2.12,2.98,8.87,46.60,2171.56,2.12
11664,5.23,27.32,4.67,4.67,21.81,49.70,2470.09,4.67
11676,6.41,41.09,5.02,6.41,41.09,61.70,3806.89,6.41
11689,7.63,58.21,6.89,7.27,52.92,51.20,2621.44,6.89
11690,3.60,12.97,3.62,3.62,13.10,41.85,1751.42,3.62
11730,2.61,6.81,9.47,9.85,97.00,46.30,2143.69,2.61
11735,6.36,40.51,10.44,9.76,95.20,53.65,2878.32,7.07
11755,4.88,23.81,10.45,4.88,23.81,52.05,2709.20,4.88
11763,5.49,30.14,10.86,5.49,30.14,54.40,2959.36,5.49
11773,8.44,71.23,8.44,8.44,71.23,59.35,3522.42,8.44
11775,1.70,2.89,1.70,2.32,5.40,44.50,1980.25,1.70
11783,4.80,23.04,4.80,4.80,23.04,42.40,1797.76,4.80
11814,7.14,50.98,7.14,7.14,50.98,53.20,2830.24,7.14
11821,6.36,40.49,4.74,4.74,22.47,54.90,3014.01,4.74
11825,4.29,18.40,10.66,4.29,18.40,47.85,2289.62,4.29
11833,4.47,20.03,4.14,8.68,75.36,47.05,2213.70,4.14
11844,7.31,53.49,8.71,7.99,63.85,45.30,2052.09,5.97
11906,16.55,274.06,11.97,11.97,143.28,78.95,6233.10,11.97
11943,4.97,24.70,8.44,4.97,24.70,55.60,3091.36,4.97
11969,4.76,22.66,4.76,9.82,96.35,41.50,1722.25,4.76
11975,5.00,25.00,5.00,5.00,25.00,41.50,1722.25,5.00
11992,1.90,3.61,1.90,2.51,6.30,43.85,1922.82,1.90
12006,8.55,73.10,8.55,8.55,73.10,41.50,1722.25,8.55
12047,1.87,3.50,1.87,1.87,3.50,44.60,1989.16,1.87
12095,5.23,27.37,6.16,6.16,37.95,41.40,1713.96,6.16
12129,2.30,5.29,2.93,2.30,5.29,46.60,2171.56,2.30
12147,4.30,18.49,4.30,4.30,18.49,52.40,2745.76,4.30
12150,8.15,66.42,7.96,7.88,62.08,56.20,3158.44,8.50
12178,5.41,29.32,5.55,9.87,97.45,58.30,3398.89,5.55
12184,8.66,74.93,11.17,9.40,88.37,71.05,5048.10,8.74
12197,3.20,10.24,3.20,9.87,97.35,43.90,1927.21,3.20
12203,3.60,12.97,3.04,4.99,24.94,48.70,2371.69,3.04
12210,4.36,19.01,4.36,5.06,25.57,49.30,2430.49,4.36
12216,4.76,22.66,10.42,4.76,22.66,52.70,2777.29,4.76
12218,7.31,53.49,5.69,8.11,65.72,50.75,2575.56,5.69
12222,3.30,10.89,3.30,3.30,10.89,48.65,2366.82,3.30
12236,2.74,7.52,1.71,1.71,2.92,46.50,2162.25,1.71
12250,8.12,65.92,8.08,4.80,23.04,42.30,1789.29,4.80
12277,4.40,19.36,4.40,5.01,25.05,41.50,1722.25,4.40
12281,5.53,30.58,5.53,5.53,30.58,44.75,2002.56,5.53
12291,4.63,21.44,7.87,4.63,21.44,53.05,2814.30,4.63
12298,3.24,10.47,4.09,4.09,16.73,53.45,2856.90,4.09
12314,3.20,10.24,5.90,3.20,10.24,44.40,1971.36,3.20
12323,4.15,17.22,7.89,4.15,17.22,45.40,2061.16,4.15
12346,5.00,24.99,6.38,5.06,25.57,60.40,3648.16,6.38
12348,3.38,11.42,3.38,5.04,25.44,41.50,1722.25,3.38
12382,7.77,60.37,7.77,8.17,66.81,51.55,2657.40,7.77
12383,7.31,53.49,7.42,7.42,55.06,45.90,2106.81,7.42
12393,12.82,164.45,9.59,9.24,85.41,57.30,3283.29,9.59
12394,9.60,92.15,11.15,7.70,59.29,53.85,2899.82,7.70
12406,4.04,16.33,7.38,2.94,8.64,47.90,2294.41,2.94
12424,6.06,36.72,6.06,9.89,97.80,53.50,2862.25,6.06
12438,6.60,43.58,3.04,9.44,89.19,46.10,2125.21,3.04
12440,9.16,83.96,12.31,8.06,65.01,58.90,3469.21,12.31
12463,5.14,26.42,5.14,4.51,20.37,58.35,3404.72,5.14
12487,4.55,20.72,4.07,4.33,18.78,63.75,4064.06,4.07
12492,4.55,20.72,8.22,8.22,67.57,53.85,2899.82,8.22
12498,3.44,11.82,3.27,4.11,16.89,54.55,2975.70,3.27
12506,3.28,10.74,3.31,3.31,10.96,44.10,1944.81,3.31
12507,5.07,25.70,5.07,5.07,25.70,53.50,2862.25,5.07
12514,4.27,18.26,4.11,4.11,16.89,46.15,2129.82,4.11
12521,2.80,7.84,2.80,2.76,7.64,52.75,2782.56,2.80
12612,2.91,8.44,3.00,3.71,13.74,52.90,2798.41,3.00
12631,2.85,8.12,2.85,2.85,8.12,59.40,3528.36,2.85
12770,2.20,4.84,2.20,2.20,4.84,51.15,2616.32,2.20
12786,1.87,3.50,1.87,1.87,3.50,40.60,1648.36,1.87
12801,2.46,6.05,2.83,2.83,8.01,45.15,2038.52,2.46
12846,2.92,8.53,5.91,5.69,32.33,48.00,2304.00,2.92
12853,6.33,40.07,5.30,5.50,30.20,49.70,2470.09,6.33
12855,6.52,42.53,8.00,6.43,41.37,47.95,2299.20,8.00
12859,7.19,51.69,4.44,4.44,19.71,45.00,2025.00,4.44
12871,4.20,17.64,4.20,4.20,17.64,50.00,2500.00,4.20
12881,3.80,14.44,4.67,5.09,25.94,41.00,1681.00,3.80
12882,8.50,72.25,8.50,5.82,33.84,58.15,3381.42,8.50
12913,5.63,31.70,4.47,5.65,31.89,47.10,2218.41,4.47
12935,5.26,27.71,5.95,5.84,34.14,44.70,1998.09,3.41
12936,5.02,25.20,5.02,5.31,28.19,50.35,2535.12,5.02
12986,3.63,13.18,4.59,3.63,13.18,43.20,1866.24,3.63
12991,5.63,31.70,4.56,5.65,31.89,53.60,2872.96,4.56
13010,4.08,16.63,4.39,4.39,19.27,51.40,2641.96,4.39
13029,4.48,20.07,4.48,5.74,32.91,52.90,2798.41,4.48
13033,4.21,17.72,5.72,4.21,17.72,48.10,2313.61,4.21
13039,7.69,59.14,7.69,5.65,31.89,44.60,1989.16,7.69
13044,6.52,42.53,5.80,5.80,33.64,43.75,1914.06,5.80
13053,8.86,78.50,8.86,8.86,78.50,46.40,2152.96,8.86
13080,5.00,25.00,5.00,5.00,25.00,47.40,2246.76,5.00
13100,3.00,9.00,3.00,3.00,9.00,42.80,1831.84,3.00
13106,4.33,18.75,4.33,6.37,40.61,44.50,1980.25,4.33
13119,14.50,210.25,14.50,6.40,40.99,54.25,2943.06,14.50
13126,3.67,13.47,4.65,4.86,23.67,41.50,1722.25,3.67
13130,4.34,18.82,4.48,5.05,25.49,46.85,2194.92,4.41
13137,4.98,24.84,4.24,4.60,21.16,48.45,2347.40,4.60
13143,4.09,16.73,4.09,4.66,21.70,45.25,2047.56,4.09
13151,3.36,11.29,5.31,5.76,33.20,45.45,2065.70,3.36
13155,6.73,45.29,6.73,5.86,34.29,48.10,2313.61,6.73
13159,2.52,6.35,2.52,2.52,6.35,41.40,1713.96,2.52
13160,5.63,31.70,4.02,4.02,16.16,52.20,2724.84,4.02
13185,4.33,18.75,4.33,5.58,31.15,48.40,2342.56,4.33
13195,4.44,19.71,4.44,4.44,19.71,49.55,2455.20,4.44
13236,2.84,8.07,2.84,2.84,8.07,52.10,2714.41,2.84
13247,3.50,12.25,3.50,3.74,13.96,42.15,1776.62,3.50
13253,3.02,9.12,3.87,3.76,14.14,49.45,2445.30,3.02
13359,2.80,7.84,2.80,2.80,7.84,41.50,1722.25,2.80
13383,3.00,9.00,3.88,3.75,14.06,43.05,1853.30,3.00
13388,3.20,10.25,4.87,5.65,31.90,53.05,2814.30,2.59
13395,3.82,14.56,3.93,4.22,17.81,53.05,2814.30,4.46
13421,4.37,19.07,4.81,4.81,23.14,61.95,3837.80,4.81
13426,5.36,28.69,6.16,4.48,20.07,51.65,2667.72,4.48
13441,4.68,21.90,4.50,4.68,21.90,52.00,2704.00,4.68
13445,4.60,21.16,4.60,4.60,21.16,53.30,2840.89,4.60
13446,3.23,10.43,3.93,3.23,10.43,50.75,2575.56,3.23
13457,3.81,14.52,3.81,3.81,14.52,44.85,2011.52,3.81
13469,4.27,18.23,3.30,4.96,24.61,46.40,2152.96,3.30
13470,3.43,11.76,3.43,4.76,22.68,46.25,2139.06,3.43
13482,4.17,17.39,3.54,5.20,27.00,56.25,3164.06,4.17
13487,6.55,42.92,5.58,8.16,66.55,48.40,2342.56,2.50
13491,5.25,27.57,4.26,4.14,17.17,47.05,2213.70,2.97
13492,3.87,14.98,5.47,3.87,14.98,46.90,2199.61,3.87
13495,2.70,7.29,3.32,3.67,13.49,44.85,2011.52,2.70
13497,2.80,7.84,5.87,2.80,7.84,41.50,1722.25,2.80
13507,4.27,18.23,5.17,4.82,23.23,54.25,2943.06,4.82
13513,3.20,10.24,3.20,7.93,62.89,51.05,2606.10,3.20
13515,3.60,12.96,3.60,3.60,12.96,54.75,2997.56,3.60
13541,7.50,56.25,7.50,6.48,42.00,53.05,2814.30,7.50
13546,3.24,10.49,2.75,5.31,28.20,46.90,2199.61,2.75
13557,2.80,7.84,5.17,6.31,39.79,47.20,2227.84,2.80
13559,4.80,23.04,6.16,6.61,43.68,52.50,2756.25,4.80
13560,3.42,11.70,3.42,3.42,11.70,61.65,3800.72,3.42
13570,6.14,37.75,5.00,6.44,41.51,50.90,2590.81,5.00
13582,6.00,35.96,6.04,3.45,11.90,47.30,2237.29,3.45
13586,3.24,10.47,3.91,2.28,5.20,48.80,2381.44,2.28
13590,2.76,7.64,3.53,5.42,29.34,52.30,2735.29,3.53
13595,3.01,9.06,3.01,6.31,39.79,46.60,2171.56,3.01
16276,4.61,21.25,5.79,5.99,35.84,53.40,2851.56,4.61
16281,3.51,12.32,3.51,4.83,23.38,47.35,2242.02,3.51
16324,6.68,44.62,7.11,6.68,44.62,50.10,2510.01,6.68
16338,4.71,22.18,4.71,6.23,38.85,54.30,2948.49,4.71
16349,7.25,52.55,2.50,2.50,6.25,41.20,1697.44,2.50
16363,4.00,16.00,4.00,8.86,78.56,47.25,2232.56,4.00
16374,5.38,28.94,5.38,5.38,28.94,41.50,1722.25,5.38
16414,4.50,20.25,4.50,8.05,64.73,52.70,2777.29,4.50
16446,2.50,6.25,1.95,2.50,6.25,41.10,1689.21,2.50
16513,3.74,13.99,3.74,3.74,13.99,46.10,2125.21,3.74
16586,5.97,35.59,6.52,5.66,32.04,54.10,2926.81,5.66
16624,3.98,15.84,3.98,3.98,15.84,43.65,1905.32,3.98
16644,1.10,1.21,1.10,1.10,1.21,41.65,1734.72,1.10
16652,4.71,22.18,4.71,4.71,22.18,53.70,2883.69,4.71
16660,5.10,25.97,4.30,4.30,18.49,47.45,2251.50,4.30
16681,6.52,42.53,6.80,5.38,28.94,41.50,1722.25,5.38
16695,4.20,17.64,5.12,4.20,17.64,59.75,3570.06,4.20
16710,7.00,49.00,7.71,7.00,49.00,44.50,1980.25,7.00
16836,6.22,38.73,6.00,8.73,76.13,41.50,1722.25,6.00
16850,3.67,13.47,4.16,3.67,13.47,41.50,1722.25,3.67
16862,3.05,9.30,3.05,3.28,10.73,56.55,3197.90,3.05
16876,9.20,84.64,9.20,8.79,77.26,59.10,3492.81,9.20
16883,8.54,72.96,4.59,4.59,21.07,47.65,2270.52,4.59
16897,6.80,46.24,6.80,6.03,36.32,51.05,2606.10,6.80
16933,3.98,15.84,3.98,4.19,17.58,48.45,2347.40,3.98
16955,5.82,33.87,5.82,9.85,96.94,41.50,1722.25,5.82
17061,2.80,7.84,2.80,2.80,7.84,49.80,2480.04,2.80
17082,2.29,5.24,2.29,2.29,5.24,41.75,1743.06,2.29
17109,2.49,6.20,2.49,2.49,6.20,41.95,1759.80,2.49
17116,6.37,40.55,6.35,8.85,78.38,41.50,1722.25,8.45
17250,3.00,9.00,3.00,5.94,35.29,55.45,3074.70,3.00
17254,4.05,16.40,4.17,4.05,16.40,56.10,3147.21,4.05
17265,4.50,20.25,4.50,4.50,20.25,41.50,1722.25,4.50
17268,2.90,8.41,3.91,2.90,8.41,42.65,1819.02,2.90
17287,3.56,12.68,4.30,4.24,18.01,41.50,1722.25,4.30
17293,1.34,1.80,2.92,2.19,4.78,44.70,1998.09,1.34
17295,7.11,50.61,5.00,6.29,39.60,46.45,2157.60,5.00
17316,1.20,1.44,1.20,1.20,1.44,43.20,1866.24,1.20
17467,4.60,21.16,4.60,4.60,21.16,41.50,1722.25,4.60
17517,3.63,13.18,3.63,3.63,13.18,41.50,1722.25,3.63
17580,4.22,17.84,5.32,5.86,34.36,61.00,3721.00,5.32
17598,2.14,4.58,1.76,2.14,4.58,54.10,2926.81,2.14
17710,4.25,18.06,4.25,3.98,15.82,41.50,1722.25,4.25
17742,7.21,51.98,5.95,6.38,40.77,41.50,1722.25,7.21
17753,1.95,3.80,1.95,1.79,3.20,52.40,2745.76,1.95
17754,4.55,20.72,4.27,4.89,23.87,62.00,3844.00,7.63
17809,12.22,149.35,3.63,3.63,13.18,41.50,1722.25,3.63
17813,6.12,37.41,10.33,10.33,106.71,65.65,4309.92,10.33
17850,6.28,39.44,10.82,9.66,93.35,52.00,2704.00,6.28
17864,4.00,16.00,4.00,6.42,41.18,41.50,1722.25,4.00
17865,5.06,25.60,5.06,5.76,33.12,41.50,1722.25,5.06
17877,4.60,21.13,4.37,4.50,20.22,46.00,2116.00,4.30
17911,2.60,6.76,2.60,2.83,8.01,45.30,2052.09,2.60
17948,8.34,69.54,8.88,7.95,63.22,41.50,1722.25,8.88
18134,6.00,36.00,11.08,6.00,36.00,41.10,1689.21,6.00
18166,5.38,28.94,5.38,6.38,40.77,42.05,1768.20,5.38
18257,6.12,37.45,6.12,6.12,37.45,51.80,2683.24,6.12
18415,3.45,11.90,3.45,3.45,11.90,43.65,1905.32,3.45
18636,3.03,9.18,4.60,4.34,18.83,42.35,1793.52,4.60
18761,4.37,19.07,2.87,8.14,66.29,41.50,1722.25,2.87
18867,4.00,16.00,4.00,4.00,16.00,48.15,2318.42,4.00
18942,2.00,4.00,2.00,2.00,4.00,41.50,1722.25,2.00
19064,5.51,30.36,5.02,4.67,21.78,54.00,2916.00,5.51
19091,5.75,33.10,7.07,6.26,39.17,47.15,2223.12,4.90
19092,3.83,14.67,3.83,3.96,15.70,41.50,1722.25,3.83
19153,3.02,9.11,3.50,3.50,12.25,41.50,1722.25,3.50
19161,1.64,2.69,1.45,1.45,2.11,41.50,1722.25,1.64
19378,3.76,14.14,5.18,4.94,24.40,48.10,2313.61,4.94
19402,7.20,51.84,7.20,2.69,7.23,41.50,1722.25,7.20
19414,8.18,66.91,8.89,8.18,66.91,41.50,1722.25,8.18
19503,4.87,23.68,3.62,3.62,13.10,41.75,1743.06,3.62
19506,3.86,14.90,2.93,2.97,8.82,41.50,1722.25,3.86
19606,4.29,18.40,3.00,2.69,7.23,67.55,4563.00,4.29
19709,5.20,27.04,4.04,4.14,17.12,41.50,1722.25,5.20
19712,4.76,22.66,8.18,7.73,59.78,41.50,1722.25,4.76
19736,1.63,2.66,2.50,2.66,7.10,41.50,1722.25,1.63
19742,1.45,2.10,2.19,2.19,4.80,56.15,3152.82,1.45
19760,6.82,46.56,5.86,6.34,40.16,62.65,3925.02,9.00
20482,7.50,56.25,5.35,7.50,56.25,42.80,1831.84,7.50
20521,8.58,73.68,9.84,8.00,64.00,41.50,1722.25,8.00
20606,5.98,35.76,5.76,5.98,35.76,41.50,1722.25,5.98
20862,6.90,47.61,6.90,6.90,47.61,59.80,3576.04,6.90
20881,5.33,28.41,5.33,5.33,28.41,50.10,2510.01,5.33
20983,10.44,108.99,7.23,6.52,42.56,41.50,1722.25,10.44
21008,6.55,42.91,6.80,6.80,46.24,41.50,1722.25,6.80
21126,11.16,124.55,11.16,9.07,82.27,67.60,4569.76,11.16
21236,4.50,20.25,4.50,4.50,20.25,48.20,2323.24,4.50
21598,6.20,38.44,6.20,6.20,38.44,41.50,1722.25,6.20
21612,5.43,29.48,5.04,5.04,25.40,57.45,3300.50,5.04
21772,4.06,16.45,5.95,6.68,44.58,44.80,2007.04,4.30
23968,12.98,168.48,6.17,6.78,46.01,41.50,1722.25,12.98
24081,4.58,20.98,4.58,4.58,20.98,48.75,2376.56,4.58
24427,6.50,42.25,6.50,6.50,42.25,41.50,1722.25,6.50
24469,9.37,87.84,12.49,12.49,156.00,68.15,4644.42,12.49
24600,5.51,30.35,5.86,5.72,32.68,41.50,1722.25,2.19
24733,1.71,2.92,1.95,1.95,3.80,41.50,1722.25,1.71
24962,5.00,24.99,5.58,5.06,25.57,51.65,2667.72,5.58
25095,2.36,5.57,2.92,2.90,8.39,41.50,1722.25,2.36
25206,8.95,80.07,8.06,8.06,64.96,41.50,1722.25,8.06
25919,4.22,17.79,4.62,4.62,21.34,41.50,1722.25,4.62
25935,3.09,9.55,2.92,2.30,5.29,41.50,1722.25,3.09
28002,5.44,29.64,5.36,5.80,33.66,41.50,1722.25,7.84
29076,3.05,9.30,4.25,4.11,16.87,41.50,1722.25,3.05
29112,7.32,53.60,10.65,10.00,100.00,43.75,1914.06,10.00
30017,7.91,62.57,7.79,8.27,68.34,59.70,3564.09,7.91
30647,3.50,12.25,2.83,2.90,8.39,41.50,1722.25,3.50
30956,4.77,22.74,6.91,8.94,79.92,41.50,1722.25,8.94
31643,5.98,35.76,7.23,7.23,52.27,54.30,2948.49,7.23
31861,8.31,69.06,8.31,9.42,88.75,60.45,3654.20,8.31
35358,2.09,4.37,2.12,2.09,4.37,41.50,1722.25,2.09
42894,7.30,53.26,7.18,5.42,29.35,63.80,4070.44,7.18
