7.9,62.41,8.25,8.84,78.1456,62.02,3846.4804,6.96
8.08,65.2864,8.64,8.74,76.3876,61.72,3809.3584,9.61
9.02,81.3604,8.01,8.59,73.7881,63.12,3984.1344,10.15
8.61,74.1321,7.92,8.65,74.8225,64.88,4209.4144,11.87
8.06,64.9636,8.09,8.11,65.7721,57.28,3280.9984,8.37
8.55,73.1025,8.25,8.83,77.9689,58.13,3379.0969,9.14
9.05,81.9025,8,8.75,76.5625,58.02,3366.3204,7.63
8.76,76.7376,8.01,8.63,74.4769,63.09,3980.3481,10.4
7.72,59.5984,8.02,8.14,66.2596,64.36,4142.2096,9.69
8,64,8.15,7.98,63.6804,66.82,4464.9124,8.84
8.72,76.0384,7.94,8.68,75.3424,58.2,3387.24,9.82
8.83,77.9689,7.95,8.73,76.2129,54.51,2971.3401,6.67
8.26,68.2276,8.08,8.12,65.9344,65.01,4226.3001,8.46
9.24,85.3776,7.92,8.37,70.0569,59.84,3580.8256,6.27
4.61,21.2521,7.69,8.69,75.5161,52.16,2720.6656,4.12
7.93,62.8849,6.327354839,8.79,77.2641,51.59,2661.5281,10.31
6.48,41.9904,7.85,8.59,73.7881,46.46,2158.5316,3.85
9.01,81.1801,7.89,8.72,76.0384,55.81,3114.7561,8.19
7.86,61.7796,8.44,8.85,78.3225,51.42,2644.0164,5.16
6.72,45.1584,7.81,8.63,74.4769,51.48,2650.1904,5.32
8.06,64.9636,8.33,8.69,75.5161,55.99,3134.8801,3.55
8.23,67.7329,8.36,8.82,77.7924,45.33,2054.8089,3.5
8.51,72.4201,8.23,8.73,76.2129,42.11,1773.2521,3.27
3.97,15.7609,7.72,7.86,61.7796,46.8,2190.24,4.63
7.63,58.2169,8.38,8.74,76.3876,52.42,2747.8564,3.74
8.03,64.4809,8.38,8,64,48,2304,4.79
8.99,80.8201,8.08,8.79,77.2641,59.32,3518.8624,5.64
8.84,78.1456,7.95,8.78,77.0884,58.25,3393.0625,8.07
8.47,71.7409,8.16,8.8,77.44,58.65,3439.8225,5.33
8.05,64.8025,8.22,7.89,62.2521,63.78,4067.8884,3.87
3.92,15.3664,7.69,8.22,67.5684,44.28,1960.7184,5.5
9.3,86.49,6.327354839,8.46,71.5716,42.28,1787.5984,10.03
8.61,74.1321,7.89,8.74,76.3876,47.52,2258.1504,4.14
4.69,21.9961,7.5,8.32,69.2224,47.84,2288.6656,3.2
8.13,66.0969,8.22,8.17,66.7489,46.14,2128.8996,7.02
7.99,63.8401,8.01,8.12,65.9344,67.52,4558.9504,10.17
8.18,66.9124,8.15,7.9,62.41,46.72,2182.7584,4.3
7.84,61.4656,8.86,8.76,76.7376,51.98,2701.9204,6
8.24,67.8976,9.1,8.58,73.6164,52.74,2781.5076,4.43
4.21,17.7241,8.35,8.69,75.5161,42.04,1767.3616,3.75
8.54,72.9316,8.62,8.72,76.0384,46.79,2189.3041,3.5
7.79,60.6841,9.11,8.73,76.2129,47.11,2219.3521,4.89
7.49,56.1001,8.92,8.73,76.2129,36.92,1363.0864,6.63
4.82,23.2324,8.08,8.37,70.0569,54.35,2953.9225,4.06
4.38,19.1844,8.37,8.66,74.9956,50.37,2537.1369,4.93
6.095587229,37.15618367,9.37,8.6,73.96,46.57,2168.7649,5.49
4,16,7.8,8.15,66.4225,53.98,2913.8404,5.95
3.86,14.8996,7.73,7.88,62.0944,42.99,1848.1401,4.07
3.99,15.9201,8.29,8.55,73.1025,55.07,3032.7049,4.24
7.84,61.4656,8.4,8.74,76.3876,50.46,2546.2116,6.2
10.7,114.49,9.24,8.73,76.2129,64.96,4219.8016,7.39
4.76,22.6576,8.06,8.14,66.2596,52.99,2807.9401,4.04
4.22,17.8084,8.43,8.59,73.7881,51.4,2641.96,4
5.95,35.4025,7.89,8.87,78.6769,57.16,3267.2656,3.5
10.59,112.1481,9.01,8.75,76.5625,59.8,3576.04,6.32
10.07,101.4049,8.96,8.74,76.3876,48.74,2375.5876,2.29
4.71,22.1841,8.04,8.49,72.0801,36.44,1327.8736,3.91
6.18,38.1924,7.21,8.42,70.8964,54.25,2943.0625,4.27
3.98,15.8404,7.08,8.39,70.3921,57.03,3252.4209,9.33
5.49,30.1401,7.14,8.33,69.3889,37.94,1439.4436,3.5
7.09,50.2681,8.83,8.7,75.69,63.15,3987.9225,8.8
7.94,63.0436,8.47,8.81,77.6161,57.12,3262.6944,7.38
7.06,49.8436,8.23,8.82,77.7924,45.39,2060.2521,5.34
8.19,67.0761,8.88,8.72,76.0384,47.53,2259.1009,6.99
6.9,47.61,8.97,8.73,76.2129,34.84,1213.8256,6.68
6.49,42.1201,8.29,8.75,76.5625,45.97,2113.2409,4.83
7.15,51.1225,8.87,8.69,75.5161,50.62,2562.3844,9.29
7.57,57.3049,8.87,7.91,62.5681,40.13,1610.4169,6.12
7.68,58.9824,8.91,8.01,64.1601,44.29,1961.6041,2.29
6.46,41.7316,7.27,8.41,70.7281,47.79,2283.8841,3.9
8.36,69.8896,9.21,8.59,73.7881,56.67,3211.4889,5.56
8.38,70.2244,9.21,8.58,73.6164,51.54,2656.3716,7.46
6.98,48.7204,8.96,8.69,75.5161,73.7,5431.69,9.41
6.74,45.4276,8.57,8.74,76.3876,40.36,1628.9296,7.09
8.66,74.9956,9.25,8.6,73.96,56.7,3214.89,6.51
9.66,93.3156,9.34,8.66,74.9956,35.17,1236.9289,7.96
7.29,53.1441,6.327354839,8.76,76.7376,56.36,3176.4496,10.7
8.55,73.1025,9.2,8.59,73.7881,39.36,1549.2096,7.57
7.79,60.6841,9.07,8.73,76.2129,40.85,1668.7225,5.88
6.97,48.5809,9.29,8.59,73.7881,54.97,3021.7009,9.66
6.05,36.6025,8.08,8.81,77.6161,55.64,3095.8096,3.21
8.27,68.3929,9.25,8.6,73.96,39.93,1594.4049,5.51
8.98,80.6404,8.8,8.76,76.7376,55.36,3064.7296,4.94
7.24,52.4176,6.327354839,8.71,75.8641,45.91,2107.7281,10
9.5,90.25,6.48,7.34,53.8756,64.83,4202.9289,7.3
3.83,14.6689,7.34,8.64,74.6496,27.63,763.4169,3.09
6.14,37.6996,7.97,7.79,60.6841,58.09,3374.4481,7.34
6.53,42.6409,8.33,8.57,73.4449,61.3,3757.69,5.98
6.73,45.2929,8.39,8.46,71.5716,58.58,3431.6164,6.84
5.13,26.3169,7.31,8.47,71.7409,55.03,3028.3009,4.11
6.69,44.7561,8.17,8.4,70.56,55.97,3132.6409,4.46
6.57,43.1649,6.46,7.79,60.6841,47.88,2292.4944,4.19
6.6,43.56,8.15,8.2,67.24,55.16,3042.6256,4.83
6.42,41.2164,8.25,8.45,71.4025,51.37,2638.8769,4.12
6.5,42.25,7.43,7.84,61.4656,55.64,3095.8096,4.61
4.62,21.3444,6.59,7.81,60.9961,50.63,2563.3969,2.4
4.64,21.5296,6.52,7.88,62.0944,44.49,1979.3601,4.45
6.4,40.96,7.41,8.53,72.7609,56.9,3237.61,6.24
4.4,19.36,7.52,8.39,70.3921,48.5,2352.25,4.35
11.78,138.7684,8.6,8.18,66.9124,56.97,3245.5809,9.09
7.66,58.6756,8.05,8.55,73.1025,60.88,3706.3744,7.27
11.61,134.7921,6.327354839,8.4,70.56,56.45,3186.6025,11.22
11.89,141.3721,6.327354839,8.33,69.3889,48.56,2358.0736,10.69
7.51,56.4001,8.06,8.53,72.7609,62.8,3943.84,9
10.35,107.1225,8.05,8.51,72.4201,68.24,4656.6976,10.45
9.46,89.4916,8.02,8.58,73.6164,58.67,3442.1689,7.05
11.74,137.8276,6.327354839,8.24,67.8976,53.63,2876.1769,10.62
9.27,85.9329,8,8.58,73.6164,63.1,3981.61,9.09
7.54,56.8516,8.44,8.77,76.9129,60.07,3608.4049,6
11.23,126.1129,8.95,8.05,64.8025,55.93,3128.1649,7.62
10.34,106.9156,8.99,7.99,63.8401,53.54,2866.5316,6.45
7.56,57.1536,8.1,8.64,74.6496,46.33,2146.4689,5.64
11.02,121.4404,8.19,8.54,72.9316,65.43,4281.0849,9.54
7.26,52.7076,8.19,8.73,76.2129,53.18,2828.1124,3.91
7.32,53.5824,8.93,8.05,64.8025,54.58,2978.9764,8.13
7.42,55.0564,8.03,8.66,74.9956,61.44,3774.8736,9.37
12.12,146.8944,6.327354839,7.86,61.7796,57.34,3287.8756,14.5
8.03,64.4809,8.09,8.61,74.1321,44.74,2001.6676,5.85
8.01,64.1601,6.327354839,8.13,66.0969,41.76,1743.8976,9.58
10.21,104.2441,8.01,8.52,72.5904,42.2,1780.84,5.85
11.39,129.7321,6.327354839,8.38,70.2244,52.82,2789.9524,12.95
8.38,70.2244,6.26,7.53,56.7009,49.04,2404.9216,3.48
4.33,18.7489,6.34,7.99,63.8401,56.5,3192.25,4.85
4,16,8.01,8.56,73.2736,56.53,3195.6409,4.5
3.88,15.0544,7.15,8.55,73.1025,54.73,2995.3729,3.83
7.21,51.9841,6.3,7.46,55.6516,56.58,3201.2964,9.67
6.095587229,37.15618367,6.66,6.86,47.0596,60.12,3614.4144,6.13
5.92,35.0464,6.327354839,8.2,67.24,47.99,2303.0401,8.17
10.05,101.0025,6.327354839,8.49,72.0801,51.14,2615.2996,14.42
8.78,77.0884,8.41,8.21,67.4041,45.59,2078.4481,7.56
8.84,78.1456,8.48,8.21,67.4041,53.68,2881.5424,8.78
8.17,66.7489,8.48,8.28,68.5584,45.97,2113.2409,4.57
9.76,95.2576,8.09,8.54,72.9316,44.04,1939.5216,6.5
5.91,34.9281,6.327354839,6.73,45.2929,40.67,1654.0489,8.16
7.09,50.2681,6.95,7.05,49.7025,53.67,2880.4689,5.98
6.42,41.2164,6.04,6.29,39.5641,64.52,4162.8304,9.72
5.78,33.4084,7.3,7.19,51.6961,44.89,2015.1121,6.12
6.96,48.4416,6.43,6.49,42.1201,59.76,3571.2576,7.63
6.91,47.7481,6.35,6.22,38.6884,56.22,3160.6884,7.92
5.25,27.5625,6.1,6.51,42.3801,56.13,3150.5769,8.29
7.19,51.6961,6.4,6.24,38.9376,44.4,1971.36,4.28
5.09,25.9081,6.48,7.21,51.9841,58.46,3417.5716,6.5
6.56,43.0336,6.92,7.04,49.5616,45.22,2044.8484,4.46
7.64,58.3696,6.56,6.48,41.9904,43.79,1917.5641,7.09
6.73,45.2929,6.25,6,36,58.4,3410.56,6.08
7.96,63.3616,6.6,6.49,42.1201,56.71,3216.0241,5.61
7.62,58.0644,6.26,6.26,39.1876,55.67,3099.1489,5.48
8.56,73.2736,6.16,7.03,49.4209,53.3,2840.89,5.1
7.6,57.76,6.47,6.46,41.7316,63.87,4079.3769,8
5.88,34.5744,6.36,6.23,38.8129,44.84,2010.6256,3.92
7.65,58.5225,6.31,6.26,39.1876,57,3249,6.62
6.78,45.9684,6.25,5.98,35.7604,38.13,1453.8969,6
6.14,37.6996,6.5,6.32,39.9424,51.28,2629.6384,4
5.8,33.64,6.4,6.23,38.8129,45.8,2097.64,5.9
6.08,36.9664,6.43,6.23,38.8129,60.02,3602.4004,7.9
6.17,38.0689,6.36,6.22,38.6884,37.68,1419.7824,5.39
5.19,26.9361,5.86,6.23,38.8129,54.5,2970.25,6.92
6,36,6.3,6.16,37.9456,58.78,3455.0884,6.95
5.05,25.5025,5.99,6.22,38.6884,54.51,2971.3401,5.04
5.93,35.1649,6.34,6.19,38.3161,53.37,2848.3569,6.49
6.26,39.1876,6.34,6.22,38.6884,42.88,1838.6944,2.99
6.44,41.4736,6.22,6.34,40.1956,43.71,1910.5641,4.41
5.27,27.7729,5.98,6.31,39.8161,45.31,2052.9961,4.25
6.13,37.5769,6.36,6.12,37.4544,44.64,1992.7296,4.94
5.21,27.1441,6.01,6.24,38.9376,46.51,2163.1801,3.51
5.59,31.2481,5.97,6.32,39.9424,56.72,3217.1584,5.82
5.14,26.4196,6,6.21,38.5641,45.22,2044.8484,3.46
5.01,25.1001,6.21,6.1,37.21,55.88,3122.5744,3.79
4.88,23.8144,6.01,6.26,39.1876,55.79,3112.5241,5.94
6.26,39.1876,6.32,6.26,39.1876,43.92,1928.9664,5.06
6.8,46.24,6.19,6.4,40.96,59.5,3540.25,5.69
5.1,26.01,6.16,6.29,39.5641,56.18,3156.1924,5.24
6.64,44.0896,6.36,6.3,39.69,51.89,2692.5721,4.07
5.84,34.1056,6.49,6.24,38.9376,54.25,2943.0625,4.5
6.67,44.4889,6.53,6.33,40.0689,48.26,2329.0276,3.24
6.03,36.3609,5.94,6.24,38.9376,47.19,2226.8961,6.33
6.6,43.56,6.26,5.97,35.6409,44.77,2004.3529,4.23
6.49,42.1201,6.35,6.15,37.8225,59.58,3549.7764,8.5
6.33,40.0689,6.48,6.25,39.0625,45.15,2038.5225,4.47
5.71,32.6041,6.24,6.34,40.1956,39.01,1521.7801,3.5
6.71,45.0241,6.43,6.33,40.0689,45.74,2092.1476,3.07
6.2,38.44,6.46,6.24,38.9376,56.43,3184.3449,4.37
6.02,36.2404,6.28,6.1,37.21,55.65,3096.9225,4.37
6.14,37.6996,6.45,6.23,38.8129,45.6,2079.36,7.06
3.24,10.4976,6.327354839,6.55,42.9025,32.61,1063.4121,10.63
5.59,31.2481,6.24,6.35,40.3225,43.87,1924.5769,3.39
3.86,14.8996,6.38,6.33,40.0689,48.85,2386.3225,6.71
6.25,39.0625,6.47,6.24,38.9376,54.99,3023.9001,3.89
5.87,34.4569,6.16,6.3,39.69,40.87,1670.3569,6.9
5.96,35.5216,6.2,6.27,39.3129,36.79,1353.5041,7.34
6.38,40.7044,6.57,6.48,41.9904,30.01,900.6001,6
6.52,42.5104,6.24,5.97,35.6409,40.21,1616.8441,6.79
3.08,9.4864,6.12,6.46,41.7316,60.6,3672.36,7.38
6.095587229,37.15618367,6.61,7.12,50.6944,55.88,3122.5744,6.05
7.55,57.0025,7.39,6.52,42.5104,52.83,2791.0089,5.69
7.2,51.84,6.29,6.88,47.3344,40.72,1658.1184,3.08
6.095587229,37.15618367,6.46,6.45,41.6025,40.42,1633.7764,4
5.69,32.3761,5.57,6.03,36.3609,50.85,2585.7225,7.55
7.49,56.1001,6.06,6.67,44.4889,44.71,1998.9841,5.25
3.99,15.9201,5.67,6.13,37.5769,38.56,1486.8736,3.83
3.83,14.6689,5.63,6.02,36.2404,42.51,1807.1001,3.99
5.48,30.0304,4.63,4.67,21.8089,35.18,1237.6324,4.63
4.38,19.1844,7.26,7.58,57.4564,41.43,1716.4449,2.48
5.99,35.8801,6.41,6.23,38.8129,28.47,810.5409,4.33
3.08,9.4864,6.33,7.15,51.1225,27.47,754.6009,3.79
2.48,6.1504,6.77,7.46,55.6516,43.19,1865.3761,4.38
4.11,16.8921,7.13,7.67,58.8289,50.72,2572.5184,4.93
8.78,77.0884,8.42,7.8,60.84,36.87,1359.3969,6.1
7.95,63.2025,8.05,7.82,61.1524,51.61,2663.5921,7.05
12.59,158.5081,6.327354839,7.87,61.9369,47.13,2221.2369,9.61
6.095587229,37.15618367,3.67,6.15,37.8225,45.28,2050.2784,3.72
10.64,113.2096,6.327354839,7.97,63.5209,57.64,3322.3696,12.58
7.37,54.3169,8.31,7.77,60.3729,64.83,4202.9289,10.54
8.98,80.6404,8.56,7.83,61.3089,54.82,3005.2324,8.96
11.28,127.2384,9,7.98,63.6804,63.59,4043.6881,11.99
9.66,93.3156,8.57,7.82,61.1524,55.02,3027.2004,7.8
8.02,64.3204,8.27,7.79,60.6841,48.24,2327.0976,5.57
4.76,22.6576,5.65,6.34,40.1956,50.98,2598.9604,5.25
3.52,12.3904,7.34,8.07,65.1249,47.12,2220.2944,4.38
6.48,41.9904,6.88,7,49,46.96,2205.2416,4.5
6.53,42.6409,6.91,7.03,49.4209,45.66,2084.8356,3.69
4.1,16.81,7.51,8.31,69.0561,46.14,2128.8996,4.48
7.05,49.7025,6.327354839,7.79,60.6841,34.84,1213.8256,8.43
5.93,35.1649,4.61,4.91,24.1081,46.83,2193.0489,5.78
4.47,19.9809,4.53,4.59,21.0681,59.92,3590.4064,6.36
4.93,24.3049,4.63,4.86,23.6196,45.84,2101.3056,3
6.095587229,37.15618367,4.69,4.9,24.01,55.13,3039.3169,3.51
5.48,30.0304,4.66,4.85,23.5225,46.96,2205.2416,4.5
4.08,16.6464,4.98,4.56,20.7936,49.96,2496.0016,3.55
5,25,4.62,5.83,33.9889,53.02,2811.1204,6.29
4.04,16.3216,4.71,5.97,35.6409,48.26,2329.0276,4.3
3.27,10.6929,4.95,5.09,25.9081,45.9,2106.81,4
4.36,19.0096,4.76,5.96,35.5216,43.85,1922.8225,3.68
3.52,12.3904,5.06,6.04,36.4816,45.2,2043.04,3.33
6.095587229,37.15618367,4.78,5.95,35.4025,58.41,3411.7281,3.59
6.095587229,37.15618367,3.76,5.61,31.4721,45.97,2113.2409,3.38
4.85,23.5225,4.71,4.91,24.1081,34.42,1184.7364,4.35
3.48,12.1104,5.14,6.08,36.9664,41.93,1758.1249,3.47
5.08,25.8064,4.93,4.57,20.8849,40.49,1639.4401,3.8
5.62,31.5844,4.7,5.84,34.1056,44.71,1998.9841,3.7
3.43,11.7649,5.08,6.03,36.3609,40.35,1628.1225,3.73
5.43,29.4849,4.7,4.73,22.3729,48.58,2360.0164,4.25
4.24,17.9776,4.72,5.92,35.0464,46.42,2154.8164,4.11
4.19,17.5561,4.67,4.6,21.16,36.55,1335.9025,5.58
5.23,27.3529,4.62,4.67,21.8089,51.23,2624.5129,4.2
5.76,33.1776,4.72,5.97,35.6409,37.43,1401.0049,4.57
4.44,19.7136,4.99,4.57,20.8849,43.26,1871.4276,4.6
4.47,19.9809,7.5,8.1,65.61,51.96,2699.8416,4
9.37,87.7969,8.22,7.59,57.6081,53.13,2822.7969,4.6
12.36,152.7696,8.99,8.03,64.4809,43.22,1867.9684,7
4.71,22.1841,6.87,6.89,47.4721,55.1,3036.01,5.86
5.26,27.6676,6.58,7.1,50.41,56.09,3146.0881,4.61
4.1,16.81,7.59,7.26,52.7076,33.14,1098.2596,4.93
4.93,24.3049,7.66,7.29,53.1441,57.2,3271.84,4.66
9.67,93.5089,6.65,6.26,39.1876,47.49,2255.3001,7.08
5.86,34.3396,6.86,6.56,43.0336,47.36,2242.9696,3.78
6.02,36.2404,7.75,7.38,54.4644,52.8,2787.84,4.56
7.79,60.6841,5.68,6.43,41.3449,65.25,4257.5625,9.75
5.21,27.1441,7.59,7.22,52.1284,46.23,2137.2129,3.43
4.81,23.1361,6.94,7.22,52.1284,46.83,2193.0489,2.85
5.95,35.4025,6.37,6.9,47.61,59.26,3511.7476,4.9
4.05,16.4025,6.63,6.46,41.7316,47.49,2255.3001,4.14
8.92,79.5664,6.4,6.62,43.8244,59.74,3568.8676,6.43
6.095587229,37.15618367,6.11,6.19,38.3161,45.68,2086.6624,3.65
5.67,32.1489,7.09,6.92,47.8864,56.36,3176.4496,5.26
5.74,32.9476,6.39,6.94,48.1636,57.2,3271.84,3
5.16,26.6256,6.56,7.03,49.4209,36.9,1361.61,3.9
5.08,25.8064,6.51,7.01,49.1401,41.88,1753.9344,4.34
5.66,32.0356,6.21,6.42,41.2164,45.15,2038.5225,6.3
5.71,32.6041,6.21,6.42,41.2164,46.03,2118.7609,3.87
5.75,33.0625,6.35,6.8,46.24,54.81,3004.1361,4.5
8.95,80.1025,6.36,6.65,44.2225,47.71,2276.2441,7.24
5.11,26.1121,6.327354839,7.07,49.9849,30.87,952.9569,9
8.95,80.1025,6.21,6.6,43.56,64.24,4126.7776,9.35
4.71,22.1841,6.94,6.7,44.89,48.77,2378.5129,5.24
5.94,35.2836,6.72,6.45,41.6025,45.17,2040.3289,2.73
9,81,6.36,6.67,44.4889,35.35,1249.6225,5.15
4.73,22.3729,7.13,6.45,41.6025,52.49,2755.2001,4.42
4.52,20.4304,7.56,7.23,52.2729,55.66,3098.0356,4.71
3.85,14.8225,6.54,7.14,50.9796,53.46,2857.9716,6.92
5.06,25.6036,6.89,6.91,47.7481,53.2,2830.24,3
5.74,32.9476,6.4,6.94,48.1636,39.12,1530.3744,4.31
7.16,51.2656,6.55,6.83,46.6489,47.29,2236.3441,6.38
7.87,61.9369,6.51,6.24,38.9376,54.08,2924.6464,9.94
6.02,36.2404,7.25,6.27,39.3129,50.31,2531.0961,6.04
4.1,16.81,6.49,6.46,41.7316,41.63,1733.0569,3.9
6.31,39.8161,6.46,6.5,42.25,60.27,3632.4729,7.97
6.02,36.2404,7.17,6.27,39.3129,56.22,3160.6884,6.21
6.25,39.0625,7.11,6.33,40.0689,37.31,1392.0361,2.21
4.96,24.6016,7.14,6.52,42.5104,52.29,2734.2441,4.92
6.38,40.7044,6.77,6.52,42.5104,52.67,2774.1289,5.13
6.08,36.9664,7.11,6.26,39.1876,56.81,3227.3761,2.68
4.89,23.9121,7.11,6.45,41.6025,56.93,3241.0249,3.85
7.49,56.1001,6,6.67,44.4889,53.48,2860.1104,5.8
3.37,11.3569,5.37,6,36,46.11,2126.1321,4.45
6.095587229,37.15618367,6.3,6.08,36.9664,49.69,2469.0961,6.01
8.05,64.8025,6.65,6.34,40.1956,50.57,2557.3249,8.89
5.86,34.3396,6.82,6.35,40.3225,53.72,2885.8384,3.23
6.095587229,37.15618367,6.91,6.21,38.5641,45.32,2053.9024,3.22
5.93,35.1649,6.99,6.39,40.8321,50.79,2579.6241,3.97
9.56,91.3936,6.09,6.07,36.8449,61.17,3741.7689,7.8
3.66,13.3956,6.64,6.32,39.9424,39.93,1594.4049,4.56
7.25,52.5625,5.31,6.18,38.1924,45.97,2113.2409,4.69
4.07,16.5649,6.7,6.29,39.5641,45.44,2064.7936,3.71
4,16,6.7,6.29,39.5641,46.15,2129.8225,4.09
5.48,30.0304,4.64,4.88,23.8144,55.03,3028.3009,4.38
6.04,36.4816,7.17,6.28,39.4384,51.66,2668.7556,5
4.01,16.0801,5.75,6.31,39.8161,43.22,1867.9684,4.3
7.46,55.6516,5.34,6.23,38.8129,40.58,1646.7364,4.82
4.09,16.7281,6.35,6.28,39.4384,48.01,2304.9601,3.44
6.1,37.21,7.2,6.28,39.4384,54.47,2966.9809,4.45
4.12,16.9744,6.7,6.27,39.3129,53.65,2878.3225,3.34
4.67,21.8089,5.14,6.1,37.21,48.38,2340.6244,7.67
5.87,34.4569,6.91,6.39,40.8321,55.47,3076.9209,4.49
5.96,35.5216,7.1,6.35,40.3225,57.41,3295.9081,6.29
5.92,35.0464,7.11,6.4,40.96,55.73,3105.8329,3.78
6.06,36.7236,7.22,6.3,39.69,54.65,2986.6225,5.24
5.86,34.3396,7.13,6.31,39.8161,55.62,3093.5844,4.77
5.76,33.1776,7.1,6.38,40.7044,57.49,3305.1001,6.22
5.6,31.36,6.98,6.37,40.5769,62.89,3955.1521,6.96
5.88,34.5744,7.19,6.27,39.3129,65.82,4332.2724,6.71
5.82,33.8724,7.07,6.36,40.4496,55.25,3052.5625,4.3
6.12,37.4544,7.11,6.36,40.4496,60.11,3613.2121,5.95
6.04,36.4816,7.15,6.33,40.0689,55.64,3095.8096,6.35
6.23,38.8129,6.79,6.31,39.8161,56.45,3186.6025,7.48
6.18,38.1924,7.06,6.32,39.9424,62.6,3918.76,5.01
5.89,34.6921,6.88,6.39,40.8321,57.02,3251.2804,4.36
5.98,35.7604,7.28,6.27,39.3129,48.89,2390.2321,3.54
5.06,25.6036,4.56,4.74,22.4676,52.48,2754.1504,4.79
4.44,19.7136,4.33,4.55,20.7025,57.09,3259.2681,5.85
4.43,19.6249,5.03,4.86,23.6196,41.59,1729.7281,5
4.18,17.4724,5.15,5.85,34.2225,43.32,1876.6224,3.35
6.095587229,37.15618367,4.84,4.38,19.1844,42.2,1780.84,3.71
6.095587229,37.15618367,4.5,4.65,21.6225,54.41,2960.4481,4.92
4.43,19.6249,4.49,4.9,24.01,51.58,2660.4964,4.72
4.35,18.9225,4.72,4.89,23.9121,51.75,2678.0625,4.71
4.03,16.2409,6.69,6.29,39.5641,40.2,1616.04,2.83
6.68,44.6224,5.33,5.86,34.3396,44.16,1950.1056,3.46
4.71,22.1841,4.81,4.89,23.9121,51.16,2617.3456,4.31
6.095587229,37.15618367,4.98,5.34,28.5156,41.41,1714.7881,2.87
3.35,11.2225,5.27,5.34,28.5156,48.88,2389.2544,2.24
5.39,29.0521,4.64,4.7,22.09,52.93,2801.5849,4.59
5.26,27.6676,4.58,4.74,22.4676,52.94,2802.6436,4.04
4.96,24.6016,4.95,4.91,24.1081,38.62,1491.5044,3.75
4.66,21.7156,5.04,4.93,24.3049,43.65,1905.3225,3.51
4.5,20.25,5.03,4.86,23.6196,52.35,2740.5225,4.94
6.92,47.8864,7.87,7.43,55.2049,60.25,3630.0625,5.6
4.2,17.64,7.58,7.25,52.5625,43.29,1874.0241,3.82
5.68,32.2624,7.54,7.24,52.4176,56.94,3242.1636,7.3
5.95,35.4025,7.33,7.23,52.2729,53.96,2911.6816,4.56
6,36,6.72,6.82,46.5124,49.51,2451.2401,4.44
6.47,41.8609,7.54,7.24,52.4176,59.01,3482.1801,7.18
6.1,37.21,7.73,7.43,55.2049,55.52,3082.4704,6.03
7.38,54.4644,7.78,7.49,56.1001,36.35,1321.3225,4.05
5.6,31.36,7.74,7.39,54.6121,52.21,2725.8841,8.62
5.95,35.4025,7.75,7.4,54.76,48.5,2352.25,3.5
6.35,40.3225,6.09,7.03,49.4209,26.36,694.8496,5
6.095587229,37.15618367,5.01,5.01,25.1001,58.34,3403.5556,6.87
6.095587229,37.15618367,5.21,5.21,27.1441,51.13,2614.2769,5.56
5.4,29.16,7.7,7.35,54.0225,48.03,2306.8809,4.93
10.09,101.8081,7.83,7.54,56.8516,46.24,2138.1376,5.5
10.99,120.7801,8.09,7.56,57.1536,37.52,1407.7504,7.15
8.76,76.7376,7.75,7.6,57.76,65.87,4338.8569,13.95
11.37,129.2769,8.28,7.66,58.6756,58.98,3478.6404,6.34
9.88,97.6144,7.85,7.44,55.3536,59.59,3550.9681,6.55
10.86,117.9396,6.327354839,7.51,56.4001,47.44,2250.5536,9.14
10.91,119.0281,7.93,7.49,56.1001,41.76,1743.8976,5.33
8.92,79.5664,8.9,7.72,59.5984,59.95,3594.0025,5.8
9.55,91.2025,7.82,7.67,58.8289,57.55,3312.0025,5.6
10.77,115.9929,7.95,7.43,55.2049,57.81,3341.9961,5.66
6.98,48.7204,7.94,7.48,55.9504,27.93,780.0849,3.6
10.23,104.6529,7.89,7.51,56.4001,48.97,2398.0609,5.9
10.62,112.7844,8.13,7.67,58.8289,60.99,3719.7801,4.49
11.17,124.7689,6.327354839,7.69,59.1361,65.41,4278.4681,15.85
11.51,132.4801,7.93,7.54,56.8516,46.57,2168.7649,7.8
11.03,121.6609,6.327354839,7.7,59.29,46.03,2118.7609,8.34
10.99,120.7801,8.16,7.69,59.1361,64.77,4195.1529,11.65
11.26,126.7876,9.05,7.73,59.7529,56.88,3235.3344,4.91
9.94,98.8036,6.327354839,7.78,60.5284,58.93,3472.7449,10.46
8.91,79.3881,8.33,7.67,58.8289,68.25,4658.0625,13.98
8.53,72.7609,8.55,7.9,62.41,54.64,2985.5296,8.23
7.12,50.6944,6.327354839,7.92,62.7264,42.79,1830.9841,9.09
8.05,64.8025,8.29,7.91,62.5681,63.1,3981.61,7.44
7.47,55.8009,8.27,7.9,62.41,55.6,3091.36,4.66
10.67,113.8489,6.327354839,7.72,59.5984,48.24,2327.0976,13.88
8.08,65.2864,8.42,8.03,64.4809,53.03,2812.1809,6.75
7.89,62.2521,8.39,8.04,64.6416,59,3481,7.42
10.84,117.5056,7.84,7.49,56.1001,62.33,3885.0289,11.02
10.13,102.6169,8.82,7.76,60.2176,54.73,2995.3729,6.43
7.5,56.25,8.19,7.9,62.41,46.48,2160.3904,4.74
9.58,91.7764,8.77,7.82,61.1524,53.53,2865.4609,6.55
8.32,69.2224,8.84,7.83,61.3089,56.34,3174.1956,6.51
8.92,79.5664,8.61,7.74,59.9076,61.87,3827.8969,11.16
7.32,53.5824,8,7.5,56.25,48.37,2339.6569,3.79
7.88,62.0944,8.53,7.91,62.5681,48.26,2329.0276,7.04
9.01,81.1801,8.63,7.75,60.0625,62.37,3890.0169,11.52
7.61,57.9121,8.16,7.95,63.2025,51.83,2686.3489,5.09
9.12,83.1744,8.72,7.8,60.84,48.09,2312.6481,6.03
7.24,52.4176,6.327354839,7.87,61.9369,47.22,2229.7284,8.01
7.68,58.9824,6.327354839,7.95,63.2025,49.85,2485.0225,11.02
7.68,58.9824,8.41,7.96,63.3616,56.76,3221.6976,5.75
8.01,64.1601,8.33,7.93,62.8849,53.63,2876.1769,6.78
8.78,77.0884,6.327354839,7.65,58.5225,56.56,3199.0336,13.55
7.49,56.1001,8.33,7.87,61.9369,54.15,2932.2225,9.97
9.76,95.2576,8.14,7.76,60.2176,47.06,2214.6436,4.3
10.72,114.9184,7.89,7.71,59.4441,47.17,2225.0089,4.6
9.83,96.6289,8.13,7.75,60.0625,50.45,2545.2025,5.36
10.3,106.09,8.28,7.76,60.2176,48.32,2334.8224,4.83
5.25,27.5625,7.74,7.91,62.5681,30.42,925.3764,3.99
5.47,29.9209,6.17,6.95,48.3025,47.63,2268.6169,5.05
5.35,28.6225,6.75,7.04,49.5616,56.63,3206.9569,4.05
3.94,15.5236,6.67,6.96,48.4416,64.18,4119.0724,7.77
5.26,27.6676,6.67,7.12,50.6944,51.67,2669.7889,4
3.68,13.5424,7.09,7.16,51.2656,42.55,1810.5025,5.5
5.36,28.7296,6.68,7.13,50.8369,53.71,2884.7641,3.65
6.48,41.9904,7.62,7.28,52.9984,56.75,3220.5625,4.58
5.36,28.7296,7.2,6.93,48.0249,51.81,2684.2761,4.9
5.54,30.6916,7.94,7.74,59.9076,47.85,2289.6225,6.12
4.53,20.5209,7.44,7.83,61.3089,43.31,1875.7561,4.92
5.6,31.36,7.94,7.72,59.5984,54.01,2917.0801,3.3
6.54,42.7716,7.55,7.41,54.9081,42.87,1837.8369,2.62
9.82,96.4324,8.23,7.8,60.84,43.81,1919.3161,5.14
4.75,22.5625,7.92,7.69,59.1361,50.85,2585.7225,3.46
9.81,96.2361,8.24,7.77,60.3729,53.54,2866.5316,8.01
5.28,27.8784,7.94,7.67,58.8289,47.86,2290.5796,2.81
5.51,30.3601,5.38,7.03,49.4209,46.62,2173.4244,4.99
5.2,27.04,7.97,7.65,58.5225,58.19,3386.0761,3.33
5.65,31.9225,7.97,7.6,57.76,52.65,2772.0225,5.56
4.08,16.6464,6.327354839,7.46,55.6516,44.03,1938.6409,14.83
4.72,22.2784,7.87,7.65,58.5225,42.3,1789.29,6
6.31,39.8161,7.51,7.36,54.1696,43.54,1895.7316,5.91
5.91,34.9281,7.39,7.17,51.4089,51.29,2630.6641,5.07
2.62,6.8644,7.49,7.14,50.9796,53.65,2878.3225,5.1
5.26,27.6676,5.32,7.05,49.7025,59.03,3484.5409,6.87
5.7,32.49,5.45,7.03,49.4209,48.65,2366.8225,3.52
5.55,30.8025,6.67,7.19,51.6961,45.5,2070.25,6.83
4.88,23.8144,6.21,6.81,46.3761,55.99,3134.8801,5.64
5.46,29.8116,5.84,7.03,49.4209,46.6,2171.56,6.71
5.5,30.25,5.41,6.96,48.4416,59.14,3497.5396,5.16
4.78,22.8484,5.37,6.79,46.1041,57.85,3346.6225,4.82
5.65,31.9225,6.56,7.13,50.8369,46.56,2167.8336,3.24
4.92,24.2064,6.86,6.81,46.3761,56.1,3147.21,5.45
6.07,36.8449,5.63,6.83,46.6489,53.13,2822.7969,5.06
5.45,29.7025,6.14,6.95,48.3025,54.29,2947.4041,3.31
5.22,27.2484,5.51,7.07,49.9849,51.89,2692.5721,4.31
4.79,22.9441,5.27,6.81,46.3761,44.64,1992.7296,4.42
5.26,27.6676,5.34,6.79,46.1041,45.75,2093.0625,3.31
5.49,30.1401,5.38,6.86,47.0596,44.68,1996.3024,4.2
5.34,28.5156,5.42,6.86,47.0596,44.28,1960.7184,3.12
6.04,36.4816,5.64,6.94,48.1636,47.42,2248.6564,3.76
4.93,24.3049,6.21,6.98,48.7204,47.4,2246.76,4.34
4.54,20.6116,5.45,6.93,48.0249,55.44,3073.5936,7.05
5.14,26.4196,6.85,6.78,45.9684,52.14,2718.5796,5.45
5.08,25.8064,5.31,6.81,46.3761,51.81,2684.2761,3.46
4.86,23.6196,5.91,6.86,47.0596,56.92,3239.8864,4.26
3.74,13.9876,5.41,6.5,42.25,37.22,1385.3284,4.24
5.02,25.2004,5.28,6.7,44.89,34.66,1201.3156,4.04
3.59,12.8881,4.73,4.8,23.04,45.24,2046.6576,3.52
5.01,25.1001,4.81,5.63,31.6969,39.54,1563.4116,5.98
4.79,22.9441,4.89,5.61,31.4721,53.87,2901.9769,3.2
5.23,27.3529,4.81,6.27,39.3129,58.68,3443.3424,5.71
5.17,26.7289,4.85,6.21,38.5641,59.2,3504.64,5.39
5.17,26.7289,4.96,6.25,39.0625,56.5,3192.25,4.14
4.37,19.0969,5.95,6.39,40.8321,45.63,2082.0969,4.5
5.3,28.09,5,6.45,41.6025,51.68,2670.8224,4.69
4.93,24.3049,4.85,5.68,32.2624,51.22,2623.4884,4.21
4.66,21.7156,4.67,5.52,30.4704,64.51,4161.5401,5.81
5.15,26.5225,4.88,5.94,35.2836,48.48,2350.3104,2.95
5.43,29.4849,4.9,5.53,30.5809,36.97,1366.7809,3.04
4.81,23.1361,5.94,5.64,31.8096,54.49,2969.1601,3.61
5.1,26.01,5.94,5.55,30.8025,37.8,1428.84,4
3.04,9.2416,5.88,5.44,29.5936,53.81,2895.5161,4.98
4.27,18.2329,4.73,4.73,22.3729,41.67,1736.3889,2.94
3.03,9.1809,4.63,4.7,22.09,37.92,1437.9264,5.5
3.24,10.4976,4.78,4.79,22.9441,55.71,3103.6041,3.6
3.97,15.7609,5.93,5.61,31.4721,54.01,2917.0801,5.15
5.06,25.6036,4.84,5.91,34.9281,57.66,3324.6756,5.42
5.04,25.4016,4.93,6.42,41.2164,46.29,2142.7641,3.41
4.28,18.3184,4.66,4.75,22.5625,51.26,2627.5876,6.27
6.095587229,37.15618367,3.61,3.31,10.9561,48.46,2348.3716,3.18
6.095587229,37.15618367,3.24,3.36,11.2896,44.84,2010.6256,3.34
6.095587229,37.15618367,3.49,3.39,11.4921,51.55,2657.4025,3.41
4.78,22.8484,3.85,4.83,23.3289,68.14,4643.0596,6.65
6.65,44.2225,4.59,4.97,24.7009,56.14,3151.6996,4.78
6.095587229,37.15618367,3.15,4.16,17.3056,59.63,3555.7369,4.27
6.095587229,37.15618367,4.19,4.31,18.5761,57.87,3348.9369,3
3.33,11.0889,4.74,4.9,24.01,42.86,1836.9796,3.32
4.67,21.8089,5.91,6.15,37.8225,65.54,4295.4916,5.2
5.03,25.3009,5.08,5.71,32.6041,68.95,4754.1025,4.03
5.62,31.5844,4.97,5.15,26.5225,46.56,2167.8336,4.27
4.92,24.2064,4.78,6.5,42.25,54.12,2928.9744,5.5
3.36,11.2896,4.86,5.71,32.6041,49.03,2403.9409,3.55
3.61,13.0321,4.93,4.94,24.4036,57.27,3279.8529,3.3
4.81,23.1361,5.18,6.25,39.0625,49.8,2480.04,4.81
4.8,23.04,5.19,6.2,38.44,46.1,2125.21,4.79
5.25,27.5625,4.91,5.11,26.1121,56,3136,5.27
4.99,24.9001,4.79,4.98,24.8004,49.68,2468.1024,6.37
4.92,24.2064,4.92,5.77,33.2929,58.94,3473.9236,4.39
5.14,26.4196,4.84,5.02,25.2004,55.88,3122.5744,5.62
4.74,22.4676,5.16,6.15,37.8225,58.12,3377.9344,5.5
5.22,27.2484,4.73,4.84,23.4256,34.62,1198.5444,3.81
6.27,39.3129,4.72,4.79,22.9441,53.61,2874.0321,4.38
3.14,9.8596,4.71,4.8,23.04,52.26,2731.1076,3.24
3.24,10.4976,4.54,4.82,23.2324,44.74,2001.6676,3.14
3.53,12.4609,4.72,4.81,23.1361,53.48,2860.1104,3.26
2.81,7.8961,4.13,4.66,21.7156,37.47,1404.0009,2.93
4.68,21.9024,5.09,5.95,35.4025,51.05,2606.1025,4.83
3.39,11.4921,4.7,4.79,22.9441,39.38,1550.7844,3.54
4.48,20.0704,4.97,5.54,30.6916,55.16,3042.6256,5.5
5.25,27.5625,4.9,5.04,25.4016,53.65,2878.3225,5.26
2.93,8.5849,4.07,4.57,20.8849,39.55,1564.2025,2.8
2.89,8.3521,4.04,4.56,20.7936,50.38,2538.1444,3
5.56,30.9136,6.59,6.98,48.7204,54.72,2994.2784,4.1
4.26,18.1476,4.96,5.2,27.04,36.87,1359.3969,3.44
3.97,15.7609,4.92,5.15,26.5225,59.35,3522.4225,5.18
3.72,13.8384,5.07,5.28,27.8784,52.21,2725.8841,2.79
4.27,18.2329,5.01,5.22,27.2484,44.56,1985.5936,3.76
4.19,17.5561,4.99,5.21,27.1441,56.22,3160.6884,3.99
4.22,17.8084,4.93,5.15,26.5225,56.21,3159.5641,4.26
4.38,19.1844,4.98,5.17,26.7289,44.76,2003.4576,4.13
6.095587229,37.15618367,4.95,5.59,31.2481,49.29,2429.5041,3.75
6.095587229,37.15618367,4.62,4.55,20.7025,46.35,2148.3225,4
5.69,32.3761,5.42,7.27,52.8529,49.71,2471.0841,4.71
6.84,46.7856,6.8,7.29,53.1441,45.17,2040.3289,5
6.8,46.24,5.69,7.32,53.5824,65.79,4328.3241,6.41
6.98,48.7204,5.47,7.33,53.7289,55.21,3048.1441,4.15
5.98,35.7604,5.51,7.22,52.1284,55.61,3092.4721,4.1
4.07,16.5649,7.42,7.84,61.4656,49.97,2497.0009,4.22
7.06,49.8436,7.13,7.71,59.4441,46.58,2169.6964,3.82
2.46,6.0516,7.29,7.8,60.84,39.57,1565.7849,2.98
4.09,16.7281,7.32,7.8,60.84,44.12,1946.5744,2.46
6.86,47.0596,6.71,7.38,54.4644,33.67,1133.6689,3.44
7.21,51.9841,7.13,7.54,56.8516,51.01,2602.0201,6.66
5.79,33.5241,5.56,7.25,52.5625,48.08,2311.6864,2.88
4.06,16.4836,7.43,7.83,61.3089,52.35,2740.5225,4.8
7.13,50.8369,7.13,7.51,56.4001,46.4,2152.96,5.5
7.07,49.9849,7.49,7.81,60.9961,45.68,2086.6624,3.5
5.91,34.9281,5.42,7.28,52.9984,44.66,1994.5156,3.1
6.52,42.5104,7.07,7.41,54.9081,59.53,3543.8209,7.21
4.51,20.3401,7.66,8.55,73.1025,40.36,1628.9296,2.76
6.39,40.8321,6.93,7.23,52.2729,57.37,3291.3169,8.56
7.35,54.0225,7.35,7.77,60.3729,59.13,3496.3569,4.43
5.96,35.5216,7.25,7.49,56.1001,65.24,4256.2576,8.1
4.42,19.5364,5.51,5.81,33.7561,47.67,2272.4289,3.15
3.15,9.9225,5.52,5.66,32.0356,54.33,2951.7489,4.42
6.095587229,37.15618367,5.99,7.21,51.9841,25.05,627.5025,5.1
3.6,12.96,5.64,6.06,36.7236,52.61,2767.8121,3.22
3.44,11.8336,5.6,6.95,48.3025,60.28,3633.6784,4.2
3.86,14.8996,5.62,6.86,47.0596,37.23,1386.0729,3.47
4.74,22.4676,4.27,4.37,19.0969,39.25,1540.5625,3.5
5,25,4.21,4.44,19.7136,42.97,1846.4209,6.05
6.095587229,37.15618367,4.59,4.52,20.4304,55.59,3090.2481,6.11
5.57,31.0249,4.6,4.54,20.6116,41.3,1705.69,4.28
5.06,25.6036,4.55,4.57,20.8849,54.91,3015.1081,4.73
5.05,25.5025,4.55,4.57,20.8849,54.69,2990.9961,4.67
3.56,12.6736,6.327354839,4.52,20.4304,50.70853032,2571.355047,3.42
4.61,21.2521,4.27,4.42,19.5364,63.01,3970.2601,6.4
6.095587229,37.15618367,4.69,4.48,20.0704,53.36,2847.2896,4.07
6.095587229,37.15618367,4.64,4.37,19.0969,54.12,2928.9744,4.5
6.4,40.96,4.66,4.62,21.3444,48.24,2327.0976,2.99
3.3,10.89,3.42,4.18,17.4724,52.75,2782.5625,3.56
3.64,13.2496,4.33,4.3,18.49,54.7,2992.09,3.73
3.68,13.5424,4.35,4.3,18.49,23.61,557.4321,3.64
4.69,21.9961,4.17,4.3,18.49,54.16,2933.3056,5.14
3.49,12.1801,4.3,4.37,19.0969,41.58,1728.8964,4.15
4.82,23.2324,4.31,4.36,19.0096,56.15,3152.8225,4.34
3.42,11.6964,4.61,4.6,21.16,39.31,1545.2761,3.56
3.63,13.1769,4.54,4.55,20.7025,66.33,4399.6689,3.37
3.55,12.6025,4.32,4.42,19.5364,52.35,2740.5225,2.41
3.55,12.6025,4.59,4.42,19.5364,52.45,2751.0025,3.66
6.095587229,37.15618367,3.97,4.33,18.7489,43.67,1907.0689,3.28
6.095587229,37.15618367,4.57,4.46,19.8916,59.34,3521.2356,4.51
3.55,12.6025,4.3,4.41,19.4481,41.43,1716.4449,2.86
4.85,23.5225,4.32,4.32,18.6624,41.78,1745.5684,4.2
4.82,23.2324,4.39,4.33,18.7489,47.35,2242.0225,4.64
4.68,21.9024,4.16,4.31,18.5761,38.38,1473.0244,5.2
4.88,23.8144,4.26,4.35,18.9225,43.37,1880.9569,4.56
6.095587229,37.15618367,4.84,5.7,32.49,57.79,3339.6841,4.43
6.095587229,37.15618367,5.53,6.12,37.4544,45.08,2032.2064,2.46
4.12,16.9744,6.21,7.48,55.9504,40.05,1604.0025,3.47
2.61,6.8121,7.31,8.61,74.1321,64.95,4218.5025,4.85
7.03,49.4209,7.58,8.33,69.3889,45.26,2048.4676,2.5
3.47,12.0409,6.38,7.54,56.8516,53.2,2830.24,4.12
3.26,10.6276,4.11,4.52,20.4304,54.46,2965.8916,2.73
6.095587229,37.15618367,3.88,4.39,19.2721,48.56,2358.0736,3.5
3.31,10.9561,3.23,4.61,21.2521,49.62,2462.1444,2.72
3.51,12.3201,3.35,4.55,20.7025,43.37,1880.9569,2.37
2.79,7.7841,3.19,4.53,20.5209,40.01,1600.8001,3.96
2.89,8.3521,3.22,4.49,20.1601,56.43,3184.3449,3.34
2.71,7.3441,3.32,4.5,20.25,59.22,3507.0084,3.67
3.11,9.6721,3.22,4.63,21.4369,30.77,946.7929,3.24
3.23,10.4329,3.77,4.19,17.5561,39.18,1535.0724,4.13
4.13,17.0569,3.88,4.17,17.3889,41.13,1691.6769,3.23
3.96,15.6816,3.96,4.33,18.7489,46.47,2159.4609,2.78
3.79,14.3641,7.44,6.92,47.8864,47.17,2225.0089,4.06
3.14,9.8596,6.01,6.71,45.0241,51.36,2637.8496,3.8
7.65,58.5225,7.63,8.65,74.8225,65.8,4329.64,7.44
6.67,44.4889,7.3,8.61,74.1321,60.36,3643.3296,6.68
6.14,37.6996,7.25,8.66,74.9956,61.5,3782.25,6.76
6.66,44.3556,7.31,8.63,74.4769,55.31,3059.1961,5.7
7.39,54.6121,7.61,8.64,74.6496,56.83,3229.6489,5.09
6.01,36.1201,7.26,8.65,74.8225,61.98,3841.5204,6.67
7.94,63.0436,7.89,8.69,75.5161,55.7,3102.49,3.88
6.22,38.6884,7.55,8.19,67.0761,48.16,2319.3856,5.19
5.14,26.4196,7.61,7.98,63.6804,61.24,3750.3376,6.35
5.8,33.64,7.61,7.9,62.41,35.04,1227.8016,3.01
3.79,14.3641,7.54,7.61,57.9121,43.1,1857.61,2.56
5.81,33.7561,7.61,7.04,49.5616,54.55,2975.7025,3
6.3,39.69,7.42,8.65,74.8225,54.89,3012.9121,4.29
6.33,40.0689,7.24,8.22,67.5684,30.13,907.8169,5.91
5.95,35.4025,8.2,8.71,75.8641,57.07,3256.9849,5.81
4.14,17.1396,6.57,6.76,45.6976,55.89,3123.6921,3.78
5.59,31.2481,7.51,7.47,55.8009,64.6,4173.16,5.88
4.08,16.6464,4.16,6.34,40.1956,60.36,3643.3296,4.43
4.44,19.7136,4.9,6.76,45.6976,44.53,1982.9209,3.06
3.98,15.8404,4.14,6.38,40.7044,44.09,1943.9281,2.65
3.56,12.6736,4.21,6.36,40.4496,53.61,2874.0321,2.44
3.98,15.8404,4.34,6.41,41.0881,48.58,2360.0164,3.63
4.37,19.0969,4.5,6.84,46.7856,53.22,2832.3684,3.44
6.095587229,37.15618367,7.61,8.02,64.3204,53.88,2903.0544,5.62
7.32,53.5824,9.8,8.37,70.0569,58.78,3455.0884,6.04
10.03,100.6009,9.19,8.57,73.4449,33.53,1124.2609,4.49
6.18,38.1924,9.38,8.42,70.8964,38.18,1457.7124,4.35
3.26,10.6276,7.46,7.25,52.5625,56.74,3219.4276,5.32
3.74,13.9876,7.5,7.47,55.8009,53.06,2815.3636,3.81
3.58,12.8164,7.5,7.86,61.7796,39.57,1565.7849,4.02
3.85,14.8225,7.5,7.58,57.4564,54.31,2949.5761,3.48
6.095587229,37.15618367,7.91,8.69,75.5161,46.21,2135.3641,2.89
6.21,38.5641,8.59,8.66,74.9956,54.36,2955.0096,6.07
6.26,39.1876,9.07,8.59,73.7881,59.54,3545.0116,6.99
7.59,57.6081,8.87,8.64,74.6496,56.14,3151.6996,6.9
6.25,39.0625,9.47,8.5,72.25,52.06,2710.2436,7.7
10.52,110.6704,9.23,8.49,72.0801,56.76,3221.6976,7.82
7.36,54.1696,9.64,8.47,71.7409,56.68,3212.6224,6.38
6.48,41.9904,9.04,8.67,75.1689,49.02,2402.9604,5.04
7.56,57.1536,9.05,8.7,75.69,40.74,1659.7476,3.5
6.095587229,37.15618367,9.22,8.61,74.1321,56.16,3153.9456,6.4
6.86,47.0596,8.26,8.73,76.2129,60.26,3631.2676,8.32
10.93,119.4649,9.11,8.72,76.0384,44.76,2003.4576,7.98
7.85,61.6225,9.05,8.49,72.0801,70.86,5021.1396,11.03
7.71,59.4441,4.77,6.09,37.0881,57.57,3314.3049,5.58
5.5,30.25,4.69,6.09,37.0881,65.57,4299.4249,7.98
6.6,43.56,4.58,5.39,29.0521,36.16,1307.5456,4.3
4.41,19.4481,4.65,4.42,19.5364,58.38,3408.2244,4.48
3.25,10.5625,3.85,4.33,18.7489,52.14,2718.5796,5.06
4.57,20.8849,4.64,4.47,19.9809,54.23,2940.8929,4.68
4.13,17.0569,4.71,4.5,20.25,59.71,3565.2841,3.53
5.66,32.0356,4.64,4.46,19.8916,50.06,2506.0036,4.49
5,25,4.28,4.2,17.64,49.09,2409.8281,6.07
4.6,21.16,4.12,4.46,19.8916,57.13,3263.8369,3.18
4.15,17.2225,4.06,4.39,19.2721,55.92,3127.0464,3.35
3.56,12.6736,4.69,4.49,20.1601,61.88,3829.1344,4.07
4.43,19.6249,4.67,4.41,19.4481,55.11,3037.1121,3.52
5.5,30.25,7.49,8.24,67.8976,56.12,3149.4544,6.99
4.59,21.0681,4.68,4.42,19.5364,44.88,2014.2144,4.26
6.095587229,37.15618367,4.86,4.57,20.8849,51.25,2626.5625,3.23
4.36,19.0096,4.67,4.4,19.36,52.31,2736.3361,3.91
4.29,18.4041,4.75,4.43,19.6249,40.07,1605.6049,4
5.64,31.8096,4.76,4.45,19.8025,36.53,1334.4409,4.46
4.59,21.0681,4.68,4.38,19.1844,55.95,3130.4025,3.27
3.96,15.6816,4.68,4.39,19.2721,56.25,3164.0625,3.67
3.25,10.5625,4.67,4.37,19.0969,50.1,2510.01,3.4
6.095587229,37.15618367,3.91,4.42,19.5364,47.1,2218.41,3.73
4.75,22.5625,4.57,4.39,19.2721,50.05,2505.0025,3.08
4.35,18.9225,4.78,4.38,19.1844,51.77,2680.1329,4.49
3.21,10.3041,4.09,4.39,19.2721,50.91,2591.8281,3.3
4.64,21.5296,4.44,4.4,19.36,48.28,2330.9584,2.86
2.72,7.3984,3.19,4.56,20.7936,44.41,1972.2481,3.4
4.42,19.5364,4.67,4.35,18.9225,59.25,3510.5625,4.73
6.095587229,37.15618367,4.15,4.63,21.4369,31.59,997.9281,2.76
6.095587229,37.15618367,3.94,4.32,18.6624,46.85,2194.9225,4.51
4.4,19.36,3.99,4.93,24.3049,56.46,3187.7316,4.55
4.15,17.2225,4.32,5.22,27.2484,56.92,3239.8864,3.39
2.54,6.4516,4.21,5.24,27.4576,43.67,1907.0689,4.19
3.47,12.0409,4.21,4.97,24.7009,33.99,1155.3201,3.78
6.095587229,37.15618367,3.14,4.27,18.2329,50.83,2583.6889,2.52
6.99,48.8601,7.5,8.45,71.4025,65.89,4341.4921,5.5
2.6,6.76,5.05,5.94,35.2836,43.69,1908.8161,3.37
2.7,7.29,5.32,5.4,29.16,46.01,2116.9201,3.94
4.04,16.3216,4.31,5.8,33.64,42.98,1847.2804,2.7
6.095587229,37.15618367,3.69,4.55,20.7025,28.59,817.3881,2.6
3.37,11.3569,4.87,6.53,42.6409,48.72,2373.6384,2.6
4.49,20.1601,4.82,4.33,18.7489,48.45,2347.4025,4.35
5.72,32.7184,4.55,4.38,19.1844,61.77,3815.5329,5.19
6.095587229,37.15618367,6.53,8.05,64.8025,53.49,2861.1801,5.78
2.24,5.0176,4.23,4.32,18.6624,48.23,2326.1329,2.44
2.44,5.9536,4.61,4.27,18.2329,45.83,2100.3889,2.24
4.13,17.0569,3.61,4.51,20.3401,47.73,2278.1529,2.52
4.15,17.2225,4.15,4.85,23.5225,45.61,2080.2721,2.5
6.095587229,37.15618367,4.57,5.57,31.0249,54.32,2950.6624,3.91
3.3,10.89,4.17,5.07,25.7049,41.03,1683.4609,4.28
2.61,6.8121,4.17,6.43,41.3449,44.26,1958.9476,3.56
3.95,15.6025,4.18,6.33,40.0689,55.77,3110.2929,3.43
4.47,19.9809,4.05,4.5,20.25,59.29,3515.3041,4.13
2.84,8.0656,4.06,4.39,19.2721,54.13,2930.0569,3.71
3.71,13.7641,4.18,4.4,19.36,56.26,3165.1876,2.84
3.71,13.7641,4.21,5.19,26.9361,45.36,2057.5296,2.51
6.095587229,37.15618367,5.08,5.13,26.3169,56.18,3156.1924,4.76
6.095587229,37.15618367,3.62,4.87,23.7169,63.91,4084.4881,5.08
6.095587229,37.15618367,2.93,4.89,23.9121,52.83,2791.0089,3.33
4.04,16.3216,4.89,4.86,23.6196,60.01,3601.2001,4.04
6.095587229,37.15618367,4.85,4.84,23.4256,47.9,2294.41,3.32
4.04,16.3216,4.91,4.88,23.8144,47.31,2238.2361,4.04
6.095587229,37.15618367,6.51,6.04,36.4816,45.17,2040.3289,3.63
5.24,27.4576,4.45,5.11,26.1121,49.59,2459.1681,4.48
3.06,9.3636,4.36,6.22,38.6884,49.47,2447.2809,3.4
3.35,11.2225,4.35,6.2,38.44,41.13,1691.6769,2.95
4.38,19.1844,5.19,5.08,25.8064,54.89,3012.9121,6.56
5.1,26.01,4.45,5.1,26.01,50.61,2561.3721,4.2
4.35,18.9225,4.37,5.1,26.01,48.62,2363.9044,5.06
4.78,22.8484,4.6,5.1,26.01,41.32,1707.3424,3.32
4.27,18.2329,5.48,5.25,27.5625,48.39,2341.5921,3.12
3.31,10.9561,4.34,6.2,38.44,44.81,2007.9361,3.37
5.23,27.3529,5.13,5.11,26.1121,44.86,2012.4196,4.26
6.095587229,37.15618367,3.96,6.38,40.7044,49.45,2445.3025,2.3
6.095587229,37.15618367,5.12,6.21,38.5641,48.54,2356.1316,3.11
3.56,12.6736,5.78,5.21,27.1441,41.65,1734.7225,3.93
4.75,22.5625,4.6,5.1,26.01,51.33,2634.7689,4.5
3.42,11.6964,5.51,5.14,26.4196,49.31,2431.4761,4.6
6.095587229,37.15618367,2.11,2.11,4.4521,44.75,2002.5625,1.84
6.095587229,37.15618367,1.84,1.84,3.3856,50.44,2544.1936,2.11
3.37,11.3569,4.34,6.2,38.44,48.2,2323.24,2.18
3.2,10.24,5.82,5.12,26.2144,53.34,2845.1556,3.53
4.21,17.7241,5.75,5,25,51.63,2665.6569,3.56
3.5,12.25,6.12,5.71,32.6041,40.78,1663.0084,5.77
3.53,12.4609,5.75,5.13,26.3169,50.11,2511.0121,3.2
5.77,33.2929,6.11,5.71,32.6041,44.61,1990.0521,3.5
6.095587229,37.15618367,4.84,4.32,18.6624,59.45,3534.3025,6.53
3.82,14.5924,4.66,5.07,25.7049,49.5,2450.25,2.82
3.52,12.3904,4.64,5.05,25.5025,44.42,1973.1364,3.64
4,16,5.51,5.27,27.7729,48.57,2359.0449,6.5
5.62,31.5844,5.52,5.37,28.8369,53.4,2851.56,4.5
4.87,23.7169,5.61,5.31,28.1961,54.79,3001.9441,3.78
3.95,15.6025,5.52,5.35,28.6225,32.69,1068.6361,4.71
4.5,20.25,4.11,4.43,19.6249,69.49,4828.8601,5.63
4.02,16.1604,4.87,4.82,23.2324,45.77,2094.8929,5.39
4.58,20.9764,4.9,4.82,23.2324,43.14,1861.0596,2.54
6.095587229,37.15618367,4.26,4.27,18.2329,67.31,4530.6361,5.04
2.54,6.4516,4.89,4.8,23.04,41.84,1750.5856,2.91
5.39,29.0521,4.92,4.86,23.6196,47.56,2261.9536,4.02
2.54,6.4516,4.81,4.83,23.3289,48.59,2360.9881,4.76
3.71,13.7641,4.76,4.97,24.7009,60.35,3642.1225,4.49
3.99,15.9201,3.41,3.45,11.9025,49.85,2485.0225,3.57
3.57,12.7449,3.31,3.4,11.56,46.41,2153.8881,3.99
3.02,9.1204,3.16,3.37,11.3569,44.02,1937.7604,2.73
2.73,7.4529,3.18,3.4,11.56,35.99,1295.2801,3.02
6.095587229,37.15618367,2.4,2.4,5.76,57.59,3316.6081,2.43
6.095587229,37.15618367,2.95,2.94,8.6436,46.06,2121.5236,1.34
6.095587229,37.15618367,4.71,4.58,20.9764,52.17,2721.7089,3.17
3.51,12.3201,3.45,4.18,17.4724,39.48,1558.6704,3.3
6.095587229,37.15618367,3.03,4.49,20.1601,53.53,2865.4609,2.83
2.73,7.4529,2.91,2.91,8.4681,40.5,1640.25,3.27
1.6,2.56,1.6,1.6,2.56,50.5,2550.25,1.07
3.27,10.6929,3.19,3.19,10.1761,44.85,2011.5225,2.73
1.07,1.1449,1.07,1.07,1.1449,28.91,835.7881,1.6
6.095587229,37.15618367,3.66,3.66,13.3956,54.18,2935.4724,3.17
3.36,11.2896,3.41,3.99,15.9201,52.1,2714.41,3.61
3.27,10.6929,3.36,3.99,15.9201,60.68,3682.0624,3.47
3.5,12.25,3.59,3.68,13.5424,58.95,3475.1025,3
6.095587229,37.15618367,5.07,4.38,19.1844,48.34,2336.7556,3.35
6.095587229,37.15618367,2.26,2.83,8.0089,52.06,2710.2436,2.11
6.095587229,37.15618367,2.6,2.6,6.76,42.57,1812.2049,2.26
6.095587229,37.15618367,2.55,2.55,6.5025,47.16,2224.0656,2.68
6.095587229,37.15618367,2.42,2.42,5.8564,50.01,2501.0001,2.92
2.72,7.3984,2.55,2.3,5.29,39.78,1582.4484,3.77
6.095587229,37.15618367,2.58,2.58,6.6564,45.23,2045.7529,2.07
3.77,14.2129,2.35,2.38,5.6644,35.71,1275.2041,2.3
3.77,14.2129,2.62,2.34,5.4756,44.2,1953.64,2.76
6.095587229,37.15618367,2.13,2.14,4.5796,55.76,3109.1776,3.56
6.095587229,37.15618367,2.72,2.84,8.0656,55.02,3027.2004,2.63
6.095587229,37.15618367,2.63,2.88,8.2944,43.08,1855.8864,2.72
6.095587229,37.15618367,1.12,1.12,1.2544,41.61,1731.3921,1.75
3.91,15.2881,3.44,3.82,14.5924,42.67,1820.7289,1.47
1.47,2.1609,2.78,3.81,14.5161,40.33,1626.5089,3.91
1.94,3.7636,1.63,1.63,2.6569,45.63,2082.0969,1.89
1.94,3.7636,1.92,1.92,3.6864,56.06,3142.7236,1.58
1.64,2.6896,1.64,1.64,2.6896,37.7,1421.29,1.81
1.62,2.6244,1.62,1.62,2.6244,38.08,1450.0864,2.09
6.095587229,37.15618367,7.76,7.39,54.6121,48.94,2395.1236,3.47
7.38,54.4644,7.59,7.39,54.6121,49.84,2484.0256,6.38
4.57,20.8849,7.52,8.05,64.8025,64.54,4165.4116,8.25
6.38,40.7044,7.56,7.39,54.6121,68.51,4693.6201,7.38
6.095587229,37.15618367,6.83,7.51,56.4001,44.2,1953.64,4.16
8.25,68.0625,7.46,8.68,75.3424,57.11,3261.5521,4.57
8.32,69.2224,7.4,8.73,76.2129,62.16,3863.8656,10.78
6.095587229,37.15618367,6.99,7.01,49.1401,26.67,711.2889,3.27
6.095587229,37.15618367,7.81,7.42,55.0564,45.77,2094.8929,5
8.53,72.7609,7.62,7.52,56.5504,45.23,2045.7529,4.69
6.095587229,37.15618367,6.69,8.03,64.4809,39.91,1592.8081,5.83
6.095587229,37.15618367,6.04,7.12,50.6944,47.25,2232.5625,3.99
4,16,6.57,6.76,45.6976,52.8,2787.84,5.03
8.59,73.7881,8.07,8.14,66.2596,56.19,3157.3161,8.78
7.27,52.8529,8.01,7.6,57.76,51.76,2679.0976,6.2
6.095587229,37.15618367,8.52,7.71,59.4441,55.26,3053.6676,4.37
9.53,90.8209,7.85,8.26,68.2276,56.36,3176.4496,9.81
4.26,18.1476,5.26,5.07,25.7049,50.28,2528.0784,3.39
5.19,26.9361,5.66,6.76,45.6976,52.85,2793.1225,5.92
6,36,4.89,5.09,25.9081,34.97,1222.9009,5.11
6.45,41.6025,5.31,5.21,27.1441,53.42,2853.6964,5.12
6.095587229,37.15618367,5.42,6.64,44.0896,53.96,2911.6816,5.36
6.095587229,37.15618367,5.42,5.06,25.6036,53.07,2816.4249,4
5.12,26.2144,4.81,5.17,26.7289,64.78,4196.4484,6.45
3.83,14.6689,5.37,5.11,26.1121,43.83,1921.0689,3.62
6.095587229,37.15618367,5.26,5.35,28.6225,36.44,1327.8736,4.59
5.92,35.0464,5.68,6.73,45.2929,35.11,1232.7121,3
3.41,11.6281,5.39,5.12,26.2144,30.93,956.6649,3.99
3.89,15.1321,5.36,5.09,25.9081,42.91,1841.2681,3.04
5.75,33.0625,4.93,5.13,26.3169,53.85,2899.8225,4.41
6.095587229,37.15618367,5.55,5.47,29.9209,35.64,1270.2096,4.61
5.33,28.4089,4.76,4.99,24.9001,63.81,4071.7161,6.29
5.61,31.4721,4.92,5.11,26.1121,32.7,1069.29,3.89
5.92,35.0464,5.68,6.83,46.6489,52.52,2758.3504,5.3
4.98,24.8004,4.57,4.88,23.8144,54.74,2996.4676,6
6.095587229,37.15618367,5.13,5.27,27.7729,50.27,2527.0729,5.71
3.39,11.4921,5.05,4.85,23.5225,49.45,2445.3025,4.26
4.91,24.1081,4.81,5.02,25.2004,53.52,2864.3904,5.64
4.55,20.7025,6.92,6.78,45.9684,55,3025,6.98
5.8,33.64,7.1,7.18,51.5524,58.38,3408.2244,5.32
6.23,38.8129,7.11,6.98,48.7204,48.28,2330.9584,3.08
7.87,61.9369,7.47,7.18,51.5524,43.98,1934.2404,6.84
5.76,33.1776,6.7,8.12,65.9344,48.38,2340.6244,3.95
7.38,54.4644,7.82,7.49,56.1001,46.42,2154.8164,6.1
4.65,21.6225,7.12,7.96,63.3616,23.4,547.56,3.22
7.3,53.29,7.93,7.56,57.1536,53.98,2913.8404,5.67
7.14,50.9796,7.77,7.6,57.76,54.98,3022.8004,7.72
6.71,45.0241,7.61,7.48,55.9504,48.17,2320.3489,7.67
4.1,16.81,6.99,7.86,61.7796,48.53,2355.1609,2.76
6.84,46.7856,6.46,7.08,50.1264,65,4225,7.87
7.58,57.4564,7.42,8.25,68.0625,45.91,2107.7281,4.29
5.82,33.8724,8.42,8.7,75.69,63.84,4075.5456,8.27
5.01,25.1001,7.05,8.09,65.4481,59.29,3515.3041,4.93
3.22,10.3684,7.2,7.81,60.9961,37.08,1374.9264,4.65
3.21,10.3041,3.38,3.47,12.0409,55.88,3122.5744,2.59
2.59,6.7081,3.41,3.49,12.1801,56.14,3151.6996,3.21
3.02,9.1204,3.3,3.47,12.0409,59.87,3584.4169,3.5
2.99,8.9401,3.32,3.47,12.0409,48.32,2334.8224,3.48
3.49,12.1801,3.43,3.51,12.3201,41.74,1742.2276,2.82
3.7,13.69,3.44,3.44,11.8336,48.59,2360.9881,1.25
6.5,42.25,3.33,5.18,26.8324,54.21,2938.7241,3.78
6.095587229,37.15618367,3.52,3.48,12.1104,54.05,2921.4025,3.3
3.89,15.1321,3.35,3.44,11.8336,42.97,1846.4209,2.36
4.09,16.7281,3.45,3.43,11.7649,56.74,3219.4276,3.26
3.78,14.2884,3.21,7.11,50.5521,48.05,2308.8025,6.5
3.72,13.8384,3.45,3.44,11.8336,45.41,2062.0681,1.82
2.36,5.5696,3.44,3.42,11.6964,56.45,3186.6025,3.89
6.095587229,37.15618367,3.37,3.32,11.0224,35.6,1267.36,3.7
3.07,9.4249,3.41,3.37,11.3569,44.94,2019.6036,4.56
6.095587229,37.15618367,3.59,3.47,12.0409,39.92,1593.6064,3.5
5.94,35.2836,7.95,7.69,59.1361,46.62,2173.4244,7.16
8.67,75.1689,7.68,8.19,67.0761,67.14,4507.7796,10.79
8.57,73.4449,8.09,8.12,65.9344,50.07,2507.0049,8.89
6.095587229,37.15618367,8.87,7.86,61.7796,44.51,1981.1401,3.74
9.12,83.1744,8.23,8.14,66.2596,56.68,3212.6224,8.28
6.095587229,37.15618367,7.06,6.75,45.5625,39.37,1549.9969,3.29
3.01,9.0601,3.01,3.01,9.0601,44.17,1950.9889,2.29
1.88,3.5344,3.89,3.89,15.1321,48.46,2348.3716,2.09
4.29,18.4041,3.98,3.83,14.6689,60.76,3691.7776,3.66
6.095587229,37.15618367,3.88,3.86,14.8996,41.53,1724.7409,1.5
2.02,4.0804,3.87,3.87,14.9769,50.48,2548.2304,1.94
6.095587229,37.15618367,2.31,3.86,14.8996,38.2,1459.24,1.83
2.03,4.1209,3.84,3.84,14.7456,43.86,1923.6996,1.74
4.23,17.8929,3.88,3.82,14.5924,51.46,2648.1316,2.42
4.22,17.8084,3.95,3.81,14.5161,50.3,2530.09,5.67
3.76,14.1376,2.73,2.69,7.2361,63.66,4052.5956,4.29
2.29,5.2441,2.29,2.29,5.2441,38.31,1467.6561,3.01
5.03,25.3009,6.56,6.76,45.6976,52.93,2801.5849,4
6.095587229,37.15618367,7.55,6.69,44.7561,59.73,3567.6729,7.13
6.095587229,37.15618367,5.49,6.66,44.3556,62.52,3908.7504,7.23
6.095587229,37.15618367,1.86,3.87,14.9769,45.42,2062.9764,2.93
7.1,50.41,7.87,7.48,55.9504,55.01,3026.1001,9.4
10.78,116.2084,6.327354839,8.75,76.5625,37.61,1414.5121,8.32
10.08,101.6064,9.32,8.44,71.2336,57.49,3305.1001,8.86
10.54,111.0916,9.17,8.33,69.3889,67.07,4498.3849,12.66
8.29,68.7241,6.327354839,8.53,72.7609,56.9,3237.61,10.18
9.91,98.2081,9.35,8.54,72.9316,55.52,3082.4704,6.44
10.18,103.6324,9.31,8.38,70.2244,58.64,3438.6496,8.89
13.12,172.1344,6.327354839,8.44,71.2336,52.05,2709.2025,14.35
13.31,177.1561,6.327354839,8.5,72.25,58.31,3400.0561,13.46
7.92,62.7264,8.88,8.77,76.9129,54.45,2964.8025,6.74
10.87,118.1569,9.08,8.41,70.7281,70.94,5032.4836,12.39
11.36,129.0496,6.327354839,8.47,71.7409,61.83,3822.9489,13.87
10.53,110.8809,9.31,8.4,70.56,61.29,3756.4641,7.34
7.72,59.5984,8.92,8.74,76.3876,54.89,3012.9121,3.47
13.45,180.9025,6.327354839,8.55,73.1025,61.57,3790.8649,12.98
11.81,139.4761,6.327354839,8.39,70.3921,57.73,3332.7529,12.8
10.69,114.2761,9.33,8.4,70.56,58.28,3396.5584,6.67
11.01,121.2201,9.19,8.42,70.8964,65.06,4232.8036,12.01
13.48,181.7104,9.13,8.61,74.1321,60.84,3701.5056,11.14
13.36,178.4896,9.28,8.41,70.7281,63.9,4083.21,12.52
13.27,176.0929,6.327354839,8.6,73.96,59.08,3490.4464,14.06
9.21,84.8241,9.32,8.47,71.7409,61.67,3803.1889,10.48
11.08,122.7664,9.24,8.42,70.8964,65.74,4321.7476,11.71
8.37,70.0569,9.37,8.54,72.9316,58.26,3394.2276,9.64
7.45,55.5025,7.49,8.24,67.8976,63.23,3998.0329,8.14
6.4,40.96,8.06,8.69,75.5161,55.68,3100.2624,7.16
5.96,35.5216,6.327354839,8.71,75.8641,44.05,1940.4025,10.81
6.095587229,37.15618367,9.09,8.56,73.2736,57.58,3315.4564,5.8
13.1,171.61,6.327354839,8.56,73.2736,54.95,3019.5025,33.59
6.76,45.6976,8.75,8.79,77.2641,40.98,1679.3604,4.77
4.05,16.4025,7.8,8.51,72.4201,56.42,3183.2164,7.12
5.13,26.3169,6.73,8.14,66.2596,44.18,1951.8724,4.21
12.22,149.3284,9.07,8.34,69.5556,73.13,5347.9969,13.14
11.57,133.8649,6.327354839,8.44,71.2336,38.3,1466.89,12.73
7.38,54.4644,6.327354839,8.31,69.0561,49.12,2412.7744,8.53
7.96,63.3616,8.24,8.73,76.2129,55.49,3079.1401,3.94
8.46,71.5716,9.39,8.54,72.9316,73.18,5355.3124,8.74
7.29,53.1441,7.83,8.59,73.7881,45.14,2037.6196,3.2
9.58,91.7764,9.31,8.38,70.2244,56.78,3223.9684,9.65
9.88,97.6144,9.34,8.56,73.2736,57.15,3266.1225,7.72
10.03,100.6009,9.43,8.64,74.6496,39.33,1546.8489,7.48
9.62,92.5444,6.327354839,8.48,71.9104,59.7,3564.09,10.98
8.98,80.6404,9.2,8.4,70.56,68.99,4759.6201,12.93
9.83,96.6289,9.34,8.54,72.9316,60.69,3683.2761,8
6.47,41.8609,8.06,8.7,75.69,56.35,3175.3225,5.27
6.79,46.1041,7.91,8.8,77.44,58.9,3469.21,5.85
6.08,36.9664,8.57,8.67,75.1689,60.43,3651.7849,9.03
6.3,39.69,9.03,8.75,76.5625,68.21,4652.6041,9.59
6.83,46.6489,9.05,8.77,76.9129,47.29,2236.3441,4.03
6.87,47.1969,9.06,8.72,76.0384,39.36,1549.2096,5.81
6.96,48.4416,9.01,8.7,75.69,60.2,3624.04,7.25
6.75,45.5625,8.98,8.74,76.3876,67.12,4505.0944,8.56
6.53,42.6409,8.38,8.7,75.69,59.96,3595.2016,6.54
7.11,50.5521,8.65,8.74,76.3876,46.37,2150.1769,4.53
7.07,49.9849,8.98,8.7,75.69,60.18,3621.6324,5.75
6.96,48.4416,7.68,8.76,76.7376,58.27,3395.3929,5.47
6.85,46.9225,9.07,8.8,77.44,49.07,2407.8649,5.39
6.095587229,37.15618367,9.15,8.78,77.0884,53.06,2815.3636,5.07
6.62,43.8244,8.51,8.69,75.5161,25.97,674.4409,5.99
7.02,49.2804,8.9,8.65,74.8225,44.55,1984.7025,2.42
7.28,52.9984,9.02,8.82,77.7924,61.64,3799.4896,7.33
7.03,49.4209,9,8.68,75.3424,56.25,3164.0625,4.84
7.01,49.1401,9,8.67,75.1689,26.21,686.9641,3.85
7.3,53.29,8.95,8.77,76.9129,56.85,3231.9225,5.16
6.84,46.7856,9.06,8.78,77.0884,45.16,2039.4256,4.88
6.61,43.6921,8.31,8.71,75.8641,58.06,3370.9636,5.76
7.14,50.9796,9.04,8.78,77.0884,51.37,2638.8769,4.88
5.5,30.25,9,8.77,76.9129,41.05,1685.1025,3.76
7.1,50.41,8.99,8.79,77.2641,63.27,4003.0929,6.53
7.37,54.3169,9.02,8.82,77.7924,55.72,3104.7184,5.05
6.93,48.0249,9.07,8.83,77.9689,57.92,3354.7264,6.59
7.58,57.4564,9.31,8.6,73.96,40.21,1616.8441,2.86
7.27,52.8529,8.61,8.74,76.3876,36.85,1357.9225,4.49
7.06,49.8436,9.08,8.79,77.2641,51.49,2651.2201,6.07
7.6,57.76,9.19,8.71,75.8641,52.54,2760.4516,6.27
4.71,22.1841,7.52,8.77,76.9129,40.12,1609.6144,3.64
7.51,56.4001,7.5,8.41,70.7281,48.15,2318.4225,5.42
7.43,55.2049,7.51,8.49,72.0801,50.88,2588.7744,6.25
8.19,67.0761,7.36,7.87,61.9369,58.22,3389.5684,5.56
7.55,57.0025,7.39,7.94,63.0436,59.41,3529.5481,9.09
7.13,50.8369,7.57,7.59,57.6081,51.27,2628.6129,7.88
7.37,54.3169,7.47,8.26,68.2276,52.05,2709.2025,7.48
8.69,75.5161,7.76,7.46,55.6516,33.45,1118.9025,3.81
7.37,54.3169,7.34,7.98,63.6804,67.3,4529.29,10.07
7.23,52.2729,7.5,8.69,75.5161,56.76,3221.6976,5.06
7.19,51.6961,7.48,8.36,69.8896,56.52,3194.5104,6.39
7.48,55.9504,7.5,8.34,69.5556,48.87,2388.2769,7.35
7.59,57.6081,7.44,8.02,64.3204,58.13,3379.0969,6.17
7.54,56.8516,7.5,8.26,68.2276,46.76,2186.4976,6.2
6.89,47.4721,7.5,8.82,77.7924,48.22,2325.1684,4.22
8.71,75.8641,7.44,7.61,57.9121,48.13,2316.4969,7.81
7.84,61.4656,7.34,7.65,58.5225,61.61,3795.7921,8.14
7.26,52.7076,7.39,8.5,72.25,60.33,3639.7089,9.57
7.81,60.9961,6.327354839,7.93,62.8849,42.99,1848.1401,9.35
7.44,55.3536,7.51,8.59,73.7881,39.5,1560.25,4.97
3.92,15.3664,6.327354839,7.28,52.9984,49.36,2436.4096,8.93
7.73,59.7529,7.44,7.67,58.8289,62.51,3907.5001,8.5
7.37,54.3169,7.5,8.38,70.2244,56.29,3168.5641,4.86
7.83,61.3089,7.48,7.68,58.9824,41.37,1711.4769,4.15
8.7,75.69,8.57,8.28,68.5584,64.48,4157.6704,8.44
8.77,76.9129,8.25,8.09,65.4481,52.73,2780.4529,5.76
6.095587229,37.15618367,3.2,3.18,10.1124,53.98,2913.8404,2.72
6.095587229,37.15618367,2.29,2.84,8.0656,39.3,1544.49,2.63
6.095587229,37.15618367,5.96,5.96,35.5216,53.13,2822.7969,4.4
6.095587229,37.15618367,3.09,2.35,5.5225,43.33,1877.4889,1.8